/*
SQLyog Community v8.63 
MySQL - 5.1.37-1ubuntu5.5 : Database - cumulus
*********************************************************************
*/

/*!40101 SET NAMES utf8 */;

/*!40101 SET SQL_MODE=''*/;

/*!40014 SET @OLD_UNIQUE_CHECKS=@@UNIQUE_CHECKS, UNIQUE_CHECKS=0 */;
/*!40014 SET @OLD_FOREIGN_KEY_CHECKS=@@FOREIGN_KEY_CHECKS, FOREIGN_KEY_CHECKS=0 */;
/*!40101 SET @OLD_SQL_MODE=@@SQL_MODE, SQL_MODE='NO_AUTO_VALUE_ON_ZERO' */;
/*!40111 SET @OLD_SQL_NOTES=@@SQL_NOTES, SQL_NOTES=0 */;
CREATE DATABASE /*!32312 IF NOT EXISTS*/`cumulus` /*!40100 DEFAULT CHARACTER SET utf8 */;

USE `cumulus`;

/*Table structure for table `categories` */

DROP TABLE IF EXISTS `categories`;

CREATE TABLE `categories` (
  `cat_id` bigint(20) NOT NULL AUTO_INCREMENT,
  `cat_name` varchar(250) NOT NULL,
  PRIMARY KEY (`cat_id`),
  UNIQUE KEY `channel_id` (`cat_id`)
) ENGINE=MyISAM AUTO_INCREMENT=40 DEFAULT CHARSET=utf8;

/*Data for the table `categories` */

insert  into `categories`(`cat_id`,`cat_name`) values (28,'Programming'),(12,'Windows'),(14,'Computer Hardware'),(15,'Web Design'),(18,'Software and CMS'),(20,'Electronics'),(24,'Apple'),(23,'Linux'),(25,'Graphic Design and Animation'),(26,'Video and Audio');

/*Table structure for table `comments` */

DROP TABLE IF EXISTS `comments`;

CREATE TABLE `comments` (
  `comment_id` bigint(20) NOT NULL AUTO_INCREMENT,
  `user_id` bigint(20) NOT NULL DEFAULT '0',
  `video_id` bigint(20) NOT NULL,
  `comments` text NOT NULL,
  `date_created` datetime NOT NULL,
  `status` varchar(255) NOT NULL,
  `email` varchar(255) DEFAULT NULL,
  `name` varchar(255) DEFAULT NULL,
  `website` varchar(255) DEFAULT NULL,
  `ip` varchar(255) DEFAULT NULL,
  `released` tinyint(1) NOT NULL DEFAULT '0',
  PRIMARY KEY (`comment_id`),
  UNIQUE KEY `indexer` (`comment_id`)
) ENGINE=MyISAM AUTO_INCREMENT=27 DEFAULT CHARSET=utf8;

/*Data for the table `comments` */

insert  into `comments`(`comment_id`,`user_id`,`video_id`,`comments`,`date_created`,`status`,`email`,`name`,`website`,`ip`,`released`) values (3,26,260,'Good video! I been neededing to fix my NES for a long time now.\r\n\r\nGood Times!!!','2009-07-23 00:00:00','approved',NULL,NULL,NULL,NULL,1),(2,26,248,'Nice tutorial, thanks for the help!','2009-07-22 00:00:00','approved',NULL,NULL,NULL,NULL,1),(4,21,248,'koo vid. I really wish you would\'ved included a doctype though...','2009-07-23 00:00:00','approved',NULL,NULL,NULL,NULL,1),(6,129,90,'Very well done. You have made it so simple.','2010-02-12 00:00:00','approved',NULL,NULL,NULL,NULL,1),(7,146,770,'Do you help people with Javascript Injection attacks?','2010-03-19 00:00:00','approved',NULL,NULL,NULL,NULL,1),(8,152,426,'Nice tut. One of the few out there that actually show you how to properly route wiring through the wall.','2010-04-08 00:00:00','approved',NULL,NULL,NULL,NULL,1),(9,152,812,'Thanks for the video. I\'ve been looking for how to do this for a while now.','2010-04-08 00:00:00','approved',NULL,NULL,NULL,NULL,1),(10,161,712,'thanks for your video','2010-04-10 00:00:00','approved',NULL,NULL,NULL,NULL,1),(11,194,848,'Hi thanks for your great tutorials (:-). I\'m a newbie trying to modify the default twenty ten theme on WP 3.01. I don\'t quite grasp everything just yet but this does clear up some areas. I am looking for tutorials on how to add multiple page layouts on my site? Can you point me in the right direction, please?','2010-08-05 00:00:00','approved',NULL,NULL,NULL,NULL,1),(12,226,624,'I\'ve learned so much from your vids\r\n  Thank you so very much Rick','2010-09-24 00:00:00','approved',NULL,NULL,NULL,NULL,1),(13,239,331,'Ur Videos are Awesome keep this on :D\nbut...\n\npls make the sound and the video syncron :D\nThx','2010-10-14 00:00:00','approved',NULL,NULL,NULL,NULL,1),(14,239,332,'Why beak the video up at the mid?...\n\nPls repair that ...\nThanks :D\n\nDo u have a YouTube Channel?..','2010-10-14 00:00:00','approved',NULL,NULL,NULL,NULL,1),(15,240,479,'nice tutorial man, very helpful, congrats','2010-10-14 00:00:00','approved',NULL,NULL,NULL,NULL,1),(16,315,1144,'so with that how can you install linux on the ps3?','2011-01-18 00:00:00','approved',NULL,NULL,NULL,NULL,1),(17,315,1144,'also can you still ay your games and if so are there any problems playing the games.','2011-01-18 00:00:00','approved',NULL,NULL,NULL,NULL,1),(18,345,1102,'bonsoir, hello\nit has been 2 years since i have worked with Illustrator and other graphic softwares\nfor now, i am helping teenagers to consider graphic design to stimulate them to go back to school for further trainning – you are very cool and relax – your tutorials are very interesting – thank you very much – it will help me help them ! bye\nmerci beaucoup – thank you very much !\nléo','2011-02-04 00:00:00','approved',NULL,NULL,NULL,NULL,1),(19,352,331,'They were awesome until this one, it stops at 1:46 before it finishes. I think the next few do the same.','2011-02-06 00:00:00','approved',NULL,NULL,NULL,NULL,1),(20,0,479,'@Comments','2011-04-20 20:15:26','approved','verylongemailaddress@justfortestingpurposes.com','Miguel',NULL,'192.168.1.100',1),(21,0,1202,'Let\'s Do it!','2011-04-20 20:15:26','approved','miguel@mahurtado.com','Miguel',NULL,'192.168.1.100',1),(22,0,1202,'right','2011-04-20 20:17:42','approved','miguel@mahurtado.com','Miguel',NULL,'192.168.1.100',1),(23,0,1202,'@Comments','2011-04-20 20:21:01','approved','miguel@mahurtado.com','Miguel',NULL,'192.168.1.100',1),(24,0,1202,'@Comments','2011-04-20 20:25:49','approved','miguel@mahurtado.com','Miguel',NULL,'192.168.1.100',1),(25,0,1202,'Drop it!','2011-04-21 11:06:31','approved','damian.torres@mailinator.com','Damian','http://mailinator.com','10.100.3.223',1);

/*Table structure for table `favorites` */

DROP TABLE IF EXISTS `favorites`;

CREATE TABLE `favorites` (
  `fav_id` bigint(20) NOT NULL AUTO_INCREMENT,
  `video_id` bigint(20) NOT NULL,
  `user_id` bigint(20) NOT NULL,
  `date_created` date NOT NULL,
  PRIMARY KEY (`fav_id`)
) ENGINE=MyISAM AUTO_INCREMENT=77 DEFAULT CHARSET=utf8;

/*Data for the table `favorites` */

insert  into `favorites`(`fav_id`,`video_id`,`user_id`,`date_created`) values (1,281,67,'2009-08-24'),(2,245,20,'2009-09-02'),(3,270,20,'2009-09-02'),(4,269,20,'2009-09-02'),(5,268,20,'2009-09-02'),(6,525,98,'2009-12-16'),(7,567,106,'2010-01-04'),(8,732,125,'2010-02-07'),(9,729,125,'2010-02-07'),(10,746,126,'2010-02-09'),(11,86,139,'2010-03-01'),(12,387,139,'2010-03-01'),(13,353,139,'2010-03-01'),(14,412,139,'2010-03-01'),(15,472,139,'2010-03-01'),(16,473,139,'2010-03-01'),(17,507,139,'2010-03-01'),(18,508,139,'2010-03-01'),(19,510,139,'2010-03-01'),(20,512,139,'2010-03-01'),(21,602,139,'2010-03-01'),(22,94,139,'2010-03-01'),(23,95,139,'2010-03-01'),(24,520,139,'2010-03-01'),(25,519,139,'2010-03-01'),(26,522,139,'2010-03-01'),(27,670,139,'2010-03-01'),(28,231,139,'2010-03-01'),(29,232,139,'2010-03-01'),(30,238,139,'2010-03-01'),(31,248,139,'2010-03-01'),(32,272,139,'2010-03-01'),(33,273,139,'2010-03-01'),(34,287,139,'2010-03-01'),(35,290,139,'2010-03-01'),(36,235,139,'2010-03-01'),(37,351,139,'2010-03-01'),(38,352,139,'2010-03-01'),(39,815,164,'2010-04-20'),(40,818,164,'2010-04-20'),(41,817,164,'2010-04-20'),(42,816,164,'2010-04-20'),(43,512,164,'2010-04-20'),(44,508,164,'2010-04-20'),(45,510,164,'2010-04-20'),(46,744,169,'2010-05-07'),(47,543,174,'2010-05-26'),(48,907,174,'2010-08-08'),(49,878,216,'2010-09-09'),(50,530,216,'2010-09-09'),(51,879,216,'2010-09-09'),(52,99,216,'2010-09-09'),(53,91,216,'2010-09-09'),(54,586,216,'2010-09-09'),(55,272,239,'2010-10-14'),(56,273,239,'2010-10-14'),(57,274,239,'2010-10-14'),(58,275,239,'2010-10-14'),(59,276,239,'2010-10-14'),(60,277,239,'2010-10-14'),(61,278,239,'2010-10-14'),(62,279,239,'2010-10-14'),(63,326,239,'2010-10-14'),(64,327,239,'2010-10-14'),(65,328,239,'2010-10-14'),(66,330,239,'2010-10-14'),(67,329,239,'2010-10-14'),(68,334,239,'2010-10-14'),(71,276,18,'2010-10-14'),(72,326,18,'2010-10-14'),(73,327,18,'2010-10-14'),(74,330,18,'2010-10-14'),(75,334,18,'2010-10-14'),(76,1202,18,'0000-00-00');

/*Table structure for table `flags` */

DROP TABLE IF EXISTS `flags`;

CREATE TABLE `flags` (
  `flag_id` bigint(20) NOT NULL AUTO_INCREMENT,
  `id` bigint(20) NOT NULL,
  `type` varchar(255) NOT NULL,
  `user_id` bigint(20) NOT NULL,
  `date_created` date NOT NULL,
  `status` varchar(255) DEFAULT 'pending',
  PRIMARY KEY (`flag_id`),
  UNIQUE KEY `indexer` (`flag_id`)
) ENGINE=MyISAM AUTO_INCREMENT=13 DEFAULT CHARSET=utf8;

/*Data for the table `flags` */

insert  into `flags`(`flag_id`,`id`,`type`,`user_id`,`date_created`,`status`) values (1,1202,'video',18,'2011-04-28','approved'),(2,22,'member',18,'2011-06-11','declined'),(3,1201,'video',18,'2011-06-11','approved'),(4,25,'comment',18,'2011-06-11','approved'),(5,24,'comment',18,'2011-06-11','approved'),(6,23,'comment',18,'2011-06-11','declined'),(7,22,'comment',18,'2011-06-11','declined'),(8,21,'comment',18,'2011-06-11','approved'),(9,19,'member',18,'2011-06-11','declined'),(10,21,'member',18,'2011-06-11','declined'),(11,25,'member',18,'2011-06-11','approved'),(12,27,'member',18,'2011-06-11','approved');

/*Table structure for table `messages` */

DROP TABLE IF EXISTS `messages`;

CREATE TABLE `messages` (
  `message_id` bigint(20) NOT NULL AUTO_INCREMENT,
  `user_id` bigint(20) NOT NULL,
  `recipient` bigint(20) NOT NULL DEFAULT '0',
  `subject` text NOT NULL,
  `message` text NOT NULL,
  `status` varchar(255) NOT NULL,
  `date_created` datetime NOT NULL,
  PRIMARY KEY (`message_id`)
) ENGINE=MyISAM AUTO_INCREMENT=15 DEFAULT CHARSET=utf8;

/*Data for the table `messages` */

insert  into `messages`(`message_id`,`user_id`,`recipient`,`subject`,`message`,`status`,`date_created`) values (1,99,63,'Hello','Hi. I\'ve been watching your javascript videos (Very Good Info)\r\nI can\'t quite make out your website address when you give it out on the video. I\'d like to visit your site. Could you give me the web address? Thanks....and thanks for the great tutorials on javascript.\r\nCC','unread','2009-12-16 00:00:00'),(2,174,100,'Can\'t locate part 2 of subversion training','Hi there,\r\n\r\nCould you please send me the link for part2 of subversion training?\r\n\r\nMuch appreciated\r\n\r\nIrfan','read','2010-05-26 00:00:00'),(3,100,174,'Re: Can\'t locate part 2 of subversion training','hello,\r\n\r\nsorry about that, some of my videos were deleted, not sure why. i let u know when put them back. i thnk if u subscribe to my channel u\'ll get an email when i upload them\r\n\r\ncheers\r\n\r\n&gt; Irfan wrote: \r\n\r\nHi there,\r\n\r\nCould you please send me the link for part2 of subversion training?\r\n\r\nMuch appreciated\r\n\r\nIrfan','read','2010-05-26 00:00:00'),(4,174,100,'Re: Re: Can\'t locate part 2 of subversion training','Thanks for the reply mate. I have already subscribed to TuxTraining, I would appreciate if you please upload them sooner. Your videos were very helpful. I am currently trying to learn Subversion, TRAC, MoinMoin Wiki and KnowledgeTree as they are currently running in my environment. I would appreciate if you could let me know if there are any helpful videos avilable for those as well.\r\n\r\nMany thanks\r\n\r\nIrfan\r\n\r\n    \r\n\r\n&gt; TuxTraining wrote: \r\n\r\nhello,\r\n\r\nsorry about that, some of my videos were deleted, not sure why. i let u know when put them back. i thnk if u subscribe to my channel u\'ll get an email when i upload them\r\n\r\ncheers\r\n\r\n&gt; Irfan wrote: \r\n\r\nHi there,\r\n\r\nCould you please send me the link for part2 of subversion training?\r\n\r\nMuch appreciated\r\n\r\nIrfan','read','2010-05-27 00:00:00'),(5,212,20,'Hey','I just watched your tutorial on moving an object with the mouse.  Where can I get that as code?','read','2010-09-07 00:00:00'),(6,212,20,'Hey','I just watched your tutorial on moving an object with the mouse.  Where can I get that as code?','read','2010-09-07 00:00:00'),(7,216,27,'Windows 2008 Server','Do you have other training videos you can share on the subject?  Thank you.\r\n\r\n-Roger','unread','2010-09-09 00:00:00'),(8,20,212,'Re: Hey','I didn\'t create the videos I post here, I get them from YouTube or this website - http://www.planetphotoshop.com\r\n\r\nAll the best\r\n\r\n&gt; grycer wrote: \r\n\r\nI just watched your tutorial on moving an object with the mouse.  Where can I get that as code?','unread','2010-10-02 00:00:00'),(9,239,63,'Ur JavaScrit Tuts','Hey why are some Videos of u so fast? and break in the mid?...\r\nI loved it to watch them but now i only understand a little bit of whtat u sait D:\r\n\r\nPls repair this...\r\nThx :D','unread','2010-10-14 00:00:00'),(10,239,63,'I found u','Ok,\r\nin my last message i sayed that ur vids a cool but some of them are buged now i found ur youtube channel and ur webide.\r\nAnd everything is clear^^\r\n\r\nUr Tuts are Awesome &lt;3\r\n:D','unread','2010-10-15 00:00:00'),(14,22,18,'What\'s up','Testing','read','2011-04-07 07:01:18');

/*Table structure for table `pages` */

DROP TABLE IF EXISTS `pages`;

CREATE TABLE `pages` (
  `page_id` bigint(11) NOT NULL AUTO_INCREMENT,
  `title` text NOT NULL,
  `content` longtext NOT NULL,
  `slug` text NOT NULL,
  `layout` varchar(255) NOT NULL DEFAULT 'default',
  `date_created` datetime NOT NULL,
  `status` varchar(255) NOT NULL,
  PRIMARY KEY (`page_id`)
) ENGINE=MyISAM AUTO_INCREMENT=7 DEFAULT CHARSET=utf8;

/*Data for the table `pages` */

insert  into `pages`(`page_id`,`title`,`content`,`slug`,`layout`,`date_created`,`status`) values (1,'Test page','','test-page','default','2011-06-21 07:05:01','Test page'),(2,'Terms of Use','<div class=\"long-block\">\r\n<ul id=\"top-level\" class=\"list-push\">\r\n<li class=\"terms-item\">\r\n<h2>Your Acceptance</h2>\r\n<ul class=\"mid-level\">\r\n<li>By using and/or visiting this website (collectively, including all content and functionality available through the TechieVideos.com domain name, the \"TechieVideos Website\", or \"Website\"), you signify your agreement to (1) these terms and conditions (the \"Terms of Use\"), (2)TechieVideos&rsquo; privacy policy, found at <a href=\"http://www.techievideos.com/privacy/\">http://www.TechieVideos.com/privacy</a> and incorporated here by reference, and (3) TechieVideos&rsquo; Copyright Policy, found at <a href=\"http://www.techievideos.com/copyright/\">http://www.TechieVideos.com/copyright</a> and also incorporated here by reference. If you do not agree to any of these terms, the TechieVideos privacy policy, or the TechieVideos Copyright Policy, please do not use the TechieVideos Website.</li>\r\n<li>Although we may attempt to notify you when major changes are made to these Terms of Use, you should periodically review the most up-to-date version <a href=\"http://www.techievideos.com/terms/\">http://www.TechieVideos.com/terms</a>. TechieVideos may, in its sole discretion, modify or revise these Terms of Use and policies at any time, and you agree to be bound by such modifications or revisions. Nothing in this Agreement shall be deemed to confer any third-party rights or benefits.</li>\r\n</ul>\r\n</li>\r\n<li class=\"terms-item\">\r\n<h2>Ability to Accept Terms of Use</h2>\r\n<ul class=\"mid-level\">\r\n<li>You affirm that you are either more than 18 years of age, or an emancipated minor, or possess legal parental or guardian consent, and are fully able and competent to enter into the terms, conditions, obligations, affirmations, representations, and warranties set forth in these Terms of Use, and to abide by and comply with these Terms of Use. In any case, you affirm that you are over the age of 13, as the TechieVideos Website is not intended for children under 13. If you are under 13 years of age, then please do not use the TechieVideos Website. There are lots of other great web sites for you. Talk to your parents about what sites are appropriate for you.</li>\r\n</ul>\r\n</li>\r\n<li class=\"terms-item\">\r\n<h2>TechieVideos Website</h2>\r\n<ul class=\"mid-level\">\r\n<li>These Terms of Use apply to all users of the TechieVideos Website, including users who are also contributors of video content, information, and other materials or services on the Website. The TechieVideos Website includes all aspects of TechieVideos, including but not limited to all products, software and services offered via the website such as the TechieVideos channels,&nbsp;the TechieVideos \"Embeddable Player,\" and other applications.</li>\r\n<li>The TechieVideos Website may contain links to third party websites that are not owned or controlled by TechieVideos. TechieVideos has no control over, and assumes no responsibility for, the content, privacy policies, or practices of any third party websites. In addition, TechieVideos will not and cannot censor or edit the content of any third-party site. By using the Website, you expressly relieve TechieVideos from any and all liability arising from your use of any third-party website.</li>\r\n<li>Accordingly, we encourage you to be aware when you leave the TechieVideos Website and to read the terms and conditions and privacy policy of each other website that you visit.</li>\r\n</ul>\r\n</li>\r\n<li class=\"terms-item\">\r\n<h2>TechieVideos Accounts</h2>\r\n<ul class=\"mid-level\">\r\n<li>In order to access some features of the Website, you will have to create a TechieVideos account. You may never use another\'s account without permission. When creating your account, you must provide accurate and complete information. You are solely responsible for the activity that occurs on your account, and you must keep your account password secure. You must notify TechieVideos immediately of any breach of security or unauthorized use of your account.</li>\r\n<li>Although TechieVideos will not be liable for your losses caused by any unauthorized use of your account, you may be liable for the losses of TechieVideos or others due to such unauthorized use.</li>\r\n</ul>\r\n</li>\r\n<li class=\"terms-item\">\r\n<h2>Account Termination Policy</h2>\r\n<ul class=\"mid-level\">\r\n<li>TechieVideos reserves the right to terminate a user\'s account without notice if, under appropriate circumstances, the user is determined, in TechieVideos&rsquo; sole discretion, to be a repeat infringer of these Terms of Use.</li>\r\n<li>TechieVideos reserves the right to decide whether Content (defined below) or a User Submission (defined below) is appropriate and complies with these Terms of Use for violations other than copyright infringement, such as, but not limited to, pornography, obscene or defamatory material, or excessive length. TechieVideos may remove such User Submissions (defined below) and/or terminate a User\'s access for uploading such material in violation of these Terms of Use at any time, without prior notice and at its sole discretion.</li>\r\n</ul>\r\n</li>\r\n<li class=\"terms-item\">\r\n<h2>Your User Submissions and Conduct</h2>\r\n<ul class=\"mid-level\">\r\n<li>As a TechieVideos account holder you may submit video content (\"User Videos\") and textual content (\"User Comments\"). User Videos and User Comments are collectively referred to as \"User Submissions.\" You understand that whether or not such User Submissions are published, TechieVideos does not guarantee any confidentiality with respect to any User Submissions.</li>\r\n<li>You shall be solely responsible for your own User Submissions and the consequences of posting or publishing them. In connection with User Submissions, you affirm, represent, and/or warrant that: you own or have the necessary licenses, rights, consents, and permissions to use and authorize TechieVideos to use all patent, trademark, trade secret, copyright or other proprietary rights in and to any and all User Submissions to enable inclusion and use of the User Submissions in the manner contemplated by the Website and these Terms of Use.</li>\r\n<li>For clarity, you retain all of your ownership rights in your User Submissions. However, by submitting User Submissions to TechieVideos, you hereby grant TechieVideos a worldwide, non-exclusive, royalty-free, sublicenseable and transferable license to use, reproduce, distribute, prepare derivative works of, display, and perform the User Submissions in connection with the TechieVideos Website and TechieVideos\' (and its successors\' and affiliates\') business, including without limitation for promoting and redistributing part or all of the TechieVideos Website (and derivative works thereof) in any media formats and through any media channels. You also hereby grant each user of the TechieVideos Website a non-exclusive license to access your User Submissions through the Website, and to use, reproduce, distribute, display and perform such User Submissions as permitted through the functionality of the Website and under these Terms of Use. The above licenses granted by you in User Videos terminate within a commercially reasonable time after you remove or delete your User Videos from the TechieVideos Service. You understand and agree, however, that TechieVideos may retain, but not display, distribute, or perform, server copies of User Submissions that have been removed or deleted. The above licenses granted by you in User Comments are perpetual and irrevocable.</li>\r\n<li>In connection with User Submissions, you further agree that you will not submit material that is copyrighted, protected by trade secret or otherwise subject to third party proprietary rights, including privacy and publicity rights, unless you are the owner of such rights or have permission from their rightful owner to post the material and to grant TechieVideos all of the license rights granted herein.</li>\r\n<li>You further agree that you will not, in connection with User Submissions, submit material that is contrary to these Terms of Use or the TechieVideos Copyright Policy, found at <a href=\"http://www.techievideos.com/copyright/\">http://www.TechieVideos.com/copyright</a>, which may be updated from time to time, or contrary to applicable local, national, and international laws and regulations.</li>\r\n<li>TechieVideos does not endorse any User Submission or any opinion, recommendation, or advice expressed therein, and TechieVideos expressly disclaims any and all liability in connection with User Submissions. TechieVideos does not permit copyright infringing activities and infringement of intellectual property rights on its Website, and TechieVideos will remove all Content (defined below) and User Submissions if properly notified that such Content (defined below) or User Submission infringes on another\'s intellectual property rights. TechieVideos reserves the right to remove Content (defined below) and User Submissions without prior notice.</li>\r\n</ul>\r\n</li>\r\n<li class=\"terms-item\">\r\n<h2>General Use of the Website&mdash;Permissions and Restrictions</h2>\r\n<p>TechieVideos hereby grants you permission to access and use the Website as set forth in these Terms of Use, provided that:</p>\r\n<br />\r\n<ul class=\"mid-level\">\r\n<li>You agree not to distribute in any medium any part of the Website, including but not limited to User Submissions, without TechieVideos\' prior written authorization.</li>\r\n<li>You agree not to alter or modify any part of the Website, including but not limited to TechieVideos\' Embeddable Player or any of its related technologies.</li>\r\n<li>You agree not to access User Submissions or TechieVideos Content (defined below) through any technology or means other than the video playback pages of the Website itself, the TechieVideos Embeddable Player, or other explicitly authorized means TechieVideos may designate.</li>\r\n<li>You agree not to use the Website, including the TechieVideos Embeddable Player for any commercial use, without the prior written authorization of TechieVideos. Prohibited commercial uses include any of the following actions taken without TechieVideos&rsquo; express approval:\r\n<ul class=\"lower-level\">\r\n<li>sale of access to the Website or its related services (such as the Embeddable Player) on another website;</li>\r\n<li>use of the Website or its related services (such as the Embeddable Player), for the primary purpose of gaining advertising or subscription revenue;</li>\r\n<li>the sale of advertising, on the TechieVideos website or any third-party website, targeted to the content of specific User Submissions or TechieVideos content;</li>\r\n<li>and any use of the Website or its related services (such as the Embeddable player) that TechieVideos finds, in its sole discretion, to use TechieVideos&rsquo; resources or User Submissions with the effect of competing with or displacing the market for TechieVideos, TechieVideos content, or its User Submissions.</li>\r\n</ul>\r\n</li>\r\n<li>Prohibited commercial uses do not include:\r\n<ul class=\"lower-level\">\r\n<li>uploading an original video to TechieVideos, or maintaining an original channel on TechieVideos, to promote your business or artistic enterprise;</li>\r\n<li>using the Embeddable Player to show TechieVideos videos on an ad-enabled blog or website, provided the primary purpose of using the Embeddable Player is not to gain advertising revenue or compete with TechieVideos;</li>\r\n<li>any use that TechieVideos expressly authorizes in writing.</li>\r\n</ul>\r\n</li>\r\n<li>If you use the TechieVideos Embeddable Player on your website, you must include a prominent link back to the TechieVideos website on the pages containing the Embeddable Player and you may not modify, build upon, or block any portion of the Embeddable Player in any way.</li>\r\n<li>You agree not to use or launch any automated system, including without limitation, \"robots,\" \"spiders,\" or \"offline readers,\" that accesses the Website in a manner that sends more request messages to the TechieVideos servers in a given period of time than a human can reasonably produce in the same period by using a conventional on-line web browser. Notwithstanding the foregoing, TechieVideos grants the operators of public search engines permission to use spiders to copy materials from the site for the sole purpose of and solely to the extent necessary for creating publicly available searchable indices of the materials, but not caches or archives of such materials. TechieVideos reserves the right to revoke these exceptions either generally or in specific cases. You agree not to collect or harvest any personally identifiable information, including account names, from the Website, nor to use the communication systems provided by the Website (e.g. comments, email) for any commercial solicitation purposes. You agree not to solicit, for commercial purposes, any users of the Website with respect to their User Submissions.</li>\r\n<li>In your use of the website, you will otherwise comply with the terms and conditions of these Terms of Use, TechieVideos Copyright Policy, and all applicable local, national, and international laws and regulations.</li>\r\n<li>TechieVideos reserves the right to discontinue any aspect of the TechieVideos Website at any time.</li>\r\n</ul>\r\n</li>\r\n<li class=\"terms-item\">\r\n<h2>Your Use of Content on the Site</h2>\r\n<p>In addition to the general restrictions above, the following restrictions and conditions apply specifically to your use of content on the TechieVideos Website.</p>\r\n<br />\r\n<ul class=\"mid-level\">\r\n<li>The content on the TechieVideos Website, except all User Submissions, including without limitation, the text, software, scripts, graphics, photos, sounds, music, videos, interactive features and the like (\"Content\") and the trademarks, service marks and logos contained therein (\"Marks\"), are owned by or licensed to TechieVideos, subject to copyright and other intellectual property rights under the law. Content on the Website is provided to you AS IS for your information and personal use only and may not be downloaded, copied, reproduced, distributed, transmitted, broadcast, displayed, sold, licensed, or otherwise exploited for any other purposes whatsoever without the prior written consent of the respective owners. TechieVideos reserves all rights not expressly granted in and to the Website and the Content.</li>\r\n<li>You may access User Submissions solely:\r\n<ul class=\"lower-level\">\r\n<li>for your information and personal use;</li>\r\n<li>as intended through the normal functionality of the TechieVideos Service;</li>\r\n<li>and for Streaming.</li>\r\n</ul>\r\n<p>\"Streaming\" means a contemporaneous digital transmission of an audiovisual work via the Internet from the TechieVideos Service to a user\'s device in such a manner that the data is intended for real-time viewing and not intended to be copied, stored, permanently downloaded, or redistributed by the user. Accessing User Videos for any purpose or in any manner other than Streaming is expressly prohibited. User Videos are made available \"as is.\"</p>\r\n</li>\r\n<li>User Comments are made available to you for your information and personal use solely as intended through the normal functionality of the TechieVideos Service. User Comments are made available \"as is\", and may not be used, copied, reproduced, distributed, transmitted, broadcast, displayed, sold, licensed, downloaded, or otherwise exploited in any manner not intended by the normal functionality of the TechieVideos Service or otherwise as prohibited under this Agreement.</li>\r\n<li>You may access TechieVideos Content, User Submissions and other content only as permitted under this Agreement. TechieVideos reserves all rights not expressly granted in and to the TechieVideos Content and the TechieVideos Service.</li>\r\n<li>You agree to not engage in the use, copying, or distribution of any of the Content other than expressly permitted herein, including any use, copying, or distribution of User Submissions of third parties obtained through the Website for any commercial purposes.</li>\r\n<li>You agree not to circumvent, disable or otherwise interfere with security-related features of the TechieVideos Website or features that prevent or restrict use or copying of any Content or enforce limitations on use of the TechieVideos Website or the Content therein.</li>\r\n<li>You understand that when using the TechieVideos Website, you will be exposed to User Submissions from a variety of sources, and that TechieVideos is not responsible for the accuracy, usefulness, safety, or intellectual property rights of or relating to such User Submissions. You further understand and acknowledge that you may be exposed to User Submissions that are inaccurate, offensive, indecent, or objectionable, and you agree to waive, and hereby do waive, any legal or equitable rights or remedies you have or may have against TechieVideos with respect thereto, and agree to indemnify and hold TechieVideos, its Owners/Operators, affiliates, and/or licensors, harmless to the fullest extent allowed by law regarding all matters related to your use of the site.</li>\r\n</ul>\r\n</li>\r\n<li class=\"terms-item\">\r\n<h2>Warranty Disclaimer</h2>\r\n<p>YOU AGREE THAT YOUR USE OF THE TECHIEVIDEOS WEBSITE SHALL BE AT YOUR SOLE RISK. TO THE FULLEST EXTENT PERMITTED BY LAW, TECHIEVIDEOS, ITS OFFICERS, DIRECTORS, EMPLOYEES, AND AGENTS DISCLAIM ALL WARRANTIES, EXPRESS OR IMPLIED, IN CONNECTION WITH THE WEBSITE AND YOUR USE THEREOF. TECHIEVIDEOS MAKES NO WARRANTIES OR REPRESENTATIONS ABOUT THE ACCURACY OR COMPLETENESS OF THIS SITE\'S CONTENT OR THE CONTENT OF ANY SITES LINKED TO THIS SITE AND ASSUMES NO LIABILITY OR RESPONSIBILITY FOR ANY (I) ERRORS, MISTAKES, OR INACCURACIES OF CONTENT, (II) PERSONAL INJURY OR PROPERTY DAMAGE, OF ANY NATURE WHATSOEVER, RESULTING FROM YOUR ACCESS TO AND USE OF OUR WEBSITE, (III) ANY UNAUTHORIZED ACCESS TO OR USE OF OUR SECURE SERVERS AND/OR ANY AND ALL PERSONAL INFORMATION AND/OR FINANCIAL INFORMATION STORED THEREIN, (IV) ANY INTERRUPTION OR CESSATION OF TRANSMISSION TO OR FROM OUR WEBSITE, (IV) ANY BUGS, VIRUSES, TROJAN HORSES, OR THE LIKE WHICH MAY BE TRANSMITTED TO OR THROUGH OUR WEBSITE BY ANY THIRD PARTY, AND/OR (V) ANY ERRORS OR OMISSIONS IN ANY CONTENT OR FOR ANY LOSS OR DAMAGE OF ANY KIND INCURRED AS A RESULT OF THE USE OF ANY CONTENT POSTED, EMAILED, TRANSMITTED, OR OTHERWISE MADE AVAILABLE VIA THE TECHIEVIDEOS WEBSITE. TECHIEVIDEOS DOES NOT WARRANT, ENDORSE, GUARANTEE, OR ASSUME RESPONSIBILITY FOR ANY PRODUCT OR SERVICE ADVERTISED OR OFFERED BY A THIRD PARTY THROUGH THE TECHIEVIDEOS WEBSITE OR ANY HYPERLINKED WEBSITE OR FEATURED IN ANY BANNER OR OTHER ADVERTISING, AND TECHIEVIDEOS WILL NOT BE A PARTY TO OR IN ANY WAY BE RESPONSIBLE FOR MONITORING ANY TRANSACTION BETWEEN YOU AND THIRD-PARTY PROVIDERS OF PRODUCTS OR SERVICES. AS WITH THE PURCHASE OF A PRODUCT OR SERVICE THROUGH ANY MEDIUM OR IN ANY ENVIRONMENT, YOU SHOULD USE YOUR BEST JUDGMENT AND EXERCISE CAUTION WHERE APPROPRIATE.</p>\r\n</li>\r\n<li class=\"terms-item\">\r\n<h2>Limitation of Liability</h2>\r\n<p>IN NO EVENT SHALL TECHIEVIDEOS, ITS PARENT COMPANIES, OFFICERS, DIRECTORS, EMPLOYEES, OR AGENTS, BE LIABLE TO YOU FOR ANY DIRECT, INDIRECT, INCIDENTAL, SPECIAL, PUNITIVE, OR CONSEQUENTIAL DAMAGES WHATSOEVER RESULTING FROM ANY (I) ERRORS, MISTAKES, OR INACCURACIES OF CONTENT, (II) PERSONAL INJURY OR PROPERTY DAMAGE, OF ANY NATURE WHATSOEVER, RESULTING FROM YOUR ACCESS TO AND USE OF OUR WEBSITE, (III) ANY UNAUTHORIZED ACCESS TO OR USE OF OUR SECURE SERVERS AND/OR ANY AND ALL PERSONAL INFORMATION AND/OR FINANCIAL INFORMATION STORED THEREIN, (IV) ANY INTERRUPTION OR CESSATION OF TRANSMISSION TO OR FROM OUR WEBSITE, (IV) ANY BUGS, VIRUSES, TROJAN HORSES, OR THE LIKE, WHICH MAY BE TRANSMITTED TO OR THROUGH OUR WEBSITE BY ANY THIRD PARTY, AND/OR (V) ANY ERRORS OR OMISSIONS IN ANY CONTENT OR FOR ANY LOSS OR DAMAGE OF ANY KIND INCURRED AS A RESULT OF YOUR USE OF ANY CONTENT POSTED, EMAILED, TRANSMITTED, OR OTHERWISE MADE AVAILABLE VIA THE TECHIEVIDEOS WEBSITE, WHETHER BASED ON WARRANTY, CONTRACT, TORT, OR ANY OTHER LEGAL THEORY, AND WHETHER OR NOT THE COMPANY IS ADVISED OF THE POSSIBILITY OF SUCH DAMAGES. THE FOREGOING LIMITATION OF LIABILITY SHALL APPLY TO THE FULLEST EXTENT PERMITTED BY LAW IN THE APPLICABLE JURISDICTION. <br /> YOU SPECIFICALLY ACKNOWLEDGE THAT TECHIEVIDEOS SHALL NOT BE LIABLE FOR USER SUBMISSIONS OR THE DEFAMATORY, OFFENSIVE, OR ILLEGAL CONDUCT OF ANY THIRD PARTY AND THAT THE RISK OF HARM OR DAMAGE FROM THE FOREGOING RESTS ENTIRELY WITH YOU. <br /> The Website is controlled and offered by TechieVideos from its facilities in the United States of America. TechieVideos makes no representations that the TechieVideos Website is appropriate or available for use in other locations. Those who access or use the TechieVideos Website from other jurisdictions do so at their own volition and are responsible for compliance with local law.</p>\r\n</li>\r\n<li class=\"terms-item\">\r\n<h2>Indemnity</h2>\r\n<p>You agree to defend, indemnify and hold harmless TechieVideos, its parent companies, officers, directors, employees and agents, from and against any and all claims, damages, obligations, losses, liabilities, costs or debt, and expenses (including but not limited to attorney\'s fees) arising from: (i) your use of and access to the TechieVideos Website; (ii) your violation of any term of these Terms of Use; (iii) your violation of any third party right, including without limitation any copyright, property, or privacy right; or (iv) any claim that one of your User Submissions caused damage to a third party. This defense and indemnification obligation will survive these Terms of Use and your use of the TechieVideos Website.</p>\r\n</li>\r\n<li class=\"terms-item\">\r\n<h2>Assignment</h2>\r\n<p>These Terms of Use, and any rights and licenses granted hereunder, may not be transferred or assigned by you, but may be assigned by TechieVideos without restriction.</p>\r\n</li>\r\n<li class=\"terms-item\">\r\n<h2>General</h2>\r\n<p>You agree that: (i) the TechieVideos Website shall be deemed solely based in Florida; and (ii) the TechieVideos Website shall be deemed a passive website that does not give rise to personal jurisdiction over TechieVideos, either specific or general, in jurisdictions other than Florida. These Terms of Use shall be governed by the internal substantive laws of the State of Florida, without respect to its conflict of laws principles. Any claim or dispute between you and TechieVideos that arises in whole or in part from the TechieVideos Website shall be decided exclusively by a court of competent jurisdiction located in Orange County, Florida. These Terms of Use, together with the privacy policy at <a href=\"http://www.techievideos.com/privacy/\">http://www.TechieVideos.com/privacy</a> and any other legal notices published by TechieVideos on the Website, shall constitute the entire agreement between you and TechieVideos concerning the TechieVideos Website. If any provision of these Terms of Use is deemed invalid by a court of competent jurisdiction, the invalidity of such provision shall not affect the validity of the remaining provisions of these Terms of Use, which shall remain in full force and effect. No waiver of any term of this these Terms of Use shall be deemed a further or continuing waiver of such term or any other term, and TechieVideos&rsquo; failure to assert any right or provision under these Terms of Use shall not constitute a waiver of such right or provision. TechieVideos reserves the right to amend these Terms of Use at any time and without notice, and it is your responsibility to review these Terms of Use for any changes. Your use of the TechieVideos Website following any amendment of these Terms of Use will signify your assent to and acceptance of its revised terms. YOU AND TECHIEVIDEOS AGREE THAT ANY CAUSE OF ACTION ARISING OUT OF OR RELATED TO THE TECHIEVIDEOS WEBSITE MUST COMMENCE WITHIN NINETY (90) DAYS AFTER THE CAUSE OF ACTION ACCRUES. OTHERWISE, SUCH CAUSE OF ACTION IS PERMANENTLY BARRED.</p>\r\n</li>\r\n</ul>\r\n</div>','terms','full','2011-06-30 07:04:03','published'),(4,'How to install CumulusClips','<ol>\r\n<li>\r\n<h2>Requirements</h2>\r\n</li>\r\n<li>\r\n<h2>Downloading the Software</h2>\r\n</li>\r\n<li>\r\n<h2>Permissions</h2>\r\n</li>\r\n<li>\r\n<h2>Steps</h2>\r\n<ol>\r\n<li>Unzip</li>\r\n<li>Visit install</li>\r\n<li>Follow instructions</li>\r\n<li>Done!</li>\r\n</ol></li>\r\n</ol>','how-to-install-cumulusclips','default','2011-07-01 06:28:49','published');

/*Table structure for table `posts` */

DROP TABLE IF EXISTS `posts`;

CREATE TABLE `posts` (
  `post_id` int(11) NOT NULL AUTO_INCREMENT,
  `user_id` int(11) NOT NULL,
  `post` longtext NOT NULL,
  `date_created` datetime NOT NULL,
  PRIMARY KEY (`post_id`)
) ENGINE=MyISAM AUTO_INCREMENT=7 DEFAULT CHARSET=utf8;

/*Data for the table `posts` */

insert  into `posts`(`post_id`,`user_id`,`post`,`date_created`) values (1,20,'Just Thinking','2011-03-07 03:19:38'),(2,20,'What in the world am i going to eat today?','2011-03-09 03:19:38'),(3,20,'Uh Huh, tell me more','2011-03-09 13:19:38'),(4,20,'Who\'s next?','2011-03-09 20:42:38'),(5,18,'Just fixed picture upload feature','2011-05-07 14:38:13'),(6,18,'Showing off!','2011-05-07 14:42:31');

/*Table structure for table `privacy` */

DROP TABLE IF EXISTS `privacy`;

CREATE TABLE `privacy` (
  `privacy_id` bigint(20) NOT NULL AUTO_INCREMENT,
  `user_id` bigint(20) NOT NULL,
  `video_comment` varchar(100) NOT NULL DEFAULT 'yes',
  `new_message` varchar(100) NOT NULL DEFAULT 'yes',
  `newsletter` varchar(100) NOT NULL DEFAULT 'yes',
  `new_video` varchar(100) NOT NULL DEFAULT 'yes',
  PRIMARY KEY (`privacy_id`)
) ENGINE=MyISAM AUTO_INCREMENT=358 DEFAULT CHARSET=utf8;

/*Data for the table `privacy` */

insert  into `privacy`(`privacy_id`,`user_id`,`video_comment`,`new_message`,`newsletter`,`new_video`) values (15,18,'no','no','no','no'),(16,19,'no','no','no','no'),(17,20,'no','no','no','no'),(18,21,'no','no','no','no'),(19,22,'no','no','no','no'),(20,25,'yes','yes','yes','yes'),(21,26,'no','no','no','no'),(22,27,'no','no','no','no'),(23,28,'no','no','no','no'),(24,29,'no','no','no','no'),(25,30,'no','no','no','no'),(26,31,'yes','yes','yes','yes'),(27,32,'yes','yes','yes','yes'),(28,33,'yes','yes','yes','yes'),(29,34,'yes','yes','yes','yes'),(30,35,'yes','yes','yes','yes'),(31,36,'yes','yes','yes','yes'),(32,37,'yes','yes','yes','yes'),(33,38,'yes','yes','yes','yes'),(34,39,'yes','yes','yes','yes'),(35,40,'yes','yes','yes','yes'),(36,41,'yes','yes','yes','yes'),(37,42,'yes','yes','yes','yes'),(38,43,'yes','yes','yes','yes'),(39,44,'yes','yes','yes','yes'),(40,45,'yes','yes','yes','yes'),(41,46,'yes','yes','yes','yes'),(42,47,'yes','yes','yes','yes'),(43,48,'yes','yes','yes','yes'),(44,49,'yes','yes','yes','yes'),(45,50,'yes','yes','yes','yes'),(46,51,'yes','yes','yes','yes'),(47,52,'yes','yes','yes','yes'),(48,53,'yes','yes','yes','yes'),(49,54,'no','no','yes','no'),(50,55,'yes','yes','yes','yes'),(51,56,'yes','yes','yes','yes'),(52,57,'yes','yes','yes','yes'),(53,58,'yes','yes','yes','yes'),(54,59,'yes','yes','yes','yes'),(55,60,'yes','yes','yes','yes'),(56,61,'yes','yes','yes','yes'),(57,62,'yes','yes','yes','yes'),(58,63,'yes','yes','yes','yes'),(59,64,'yes','yes','yes','yes'),(60,65,'yes','yes','yes','yes'),(61,66,'yes','yes','yes','yes'),(62,67,'yes','yes','yes','yes'),(63,68,'yes','yes','yes','yes'),(64,69,'yes','yes','yes','yes'),(65,70,'yes','yes','yes','yes'),(66,71,'yes','yes','yes','yes'),(67,72,'yes','yes','yes','yes'),(68,73,'yes','yes','yes','yes'),(69,74,'yes','yes','yes','yes'),(70,75,'yes','yes','yes','yes'),(71,76,'yes','yes','yes','yes'),(72,77,'yes','yes','yes','yes'),(73,78,'yes','yes','yes','yes'),(74,79,'yes','yes','yes','yes'),(75,80,'yes','yes','yes','yes'),(76,81,'yes','yes','yes','yes'),(77,82,'yes','yes','yes','yes'),(78,83,'yes','yes','yes','yes'),(79,84,'yes','yes','yes','yes'),(80,85,'yes','yes','yes','yes'),(81,86,'yes','yes','yes','yes'),(83,88,'yes','yes','yes','yes'),(84,89,'yes','yes','yes','yes'),(85,90,'yes','yes','yes','yes'),(86,91,'yes','yes','yes','yes'),(87,92,'yes','yes','yes','yes'),(88,93,'yes','yes','yes','yes'),(89,94,'yes','yes','yes','yes'),(90,95,'yes','yes','yes','yes'),(91,96,'yes','yes','yes','yes'),(92,97,'yes','yes','yes','yes'),(93,98,'no','no','yes','no'),(94,99,'yes','yes','yes','yes'),(95,100,'yes','yes','yes','yes'),(96,101,'yes','yes','yes','yes'),(97,102,'yes','yes','yes','yes'),(98,103,'yes','yes','yes','yes'),(99,104,'yes','yes','yes','yes'),(100,105,'yes','yes','yes','yes'),(101,106,'yes','yes','yes','yes'),(102,107,'yes','yes','yes','yes'),(103,108,'yes','yes','yes','yes'),(104,109,'yes','yes','yes','yes'),(105,110,'yes','yes','yes','yes'),(106,111,'yes','yes','yes','yes'),(107,112,'yes','yes','no','yes'),(108,113,'yes','yes','yes','yes'),(109,114,'yes','yes','yes','yes'),(110,115,'yes','yes','yes','yes'),(111,116,'yes','yes','yes','yes'),(112,117,'yes','yes','yes','yes'),(113,118,'yes','yes','yes','yes'),(114,119,'yes','yes','yes','yes'),(115,120,'yes','yes','yes','yes'),(116,121,'yes','yes','yes','yes'),(117,122,'yes','yes','yes','yes'),(118,123,'yes','yes','yes','yes'),(119,124,'yes','yes','yes','yes'),(120,125,'yes','yes','yes','yes'),(121,126,'yes','yes','yes','yes'),(122,127,'yes','yes','yes','yes'),(123,128,'yes','yes','yes','yes'),(124,129,'yes','yes','yes','yes'),(125,130,'yes','yes','yes','yes'),(126,131,'yes','yes','yes','yes'),(127,132,'yes','yes','yes','yes'),(128,133,'yes','yes','yes','yes'),(129,134,'yes','yes','yes','yes'),(130,135,'yes','yes','yes','yes'),(131,136,'yes','yes','yes','yes'),(132,137,'yes','yes','yes','yes'),(133,138,'yes','yes','yes','yes'),(134,139,'yes','yes','yes','yes'),(135,140,'yes','yes','yes','yes'),(136,141,'yes','yes','yes','yes'),(137,142,'yes','yes','yes','yes'),(138,143,'yes','yes','yes','yes'),(139,144,'yes','yes','yes','yes'),(140,145,'yes','yes','yes','yes'),(141,146,'yes','yes','yes','yes'),(142,147,'yes','yes','yes','yes'),(143,148,'yes','yes','yes','yes'),(144,149,'yes','yes','yes','yes'),(145,150,'yes','yes','yes','yes'),(146,151,'yes','yes','yes','yes'),(147,152,'yes','yes','yes','yes'),(148,153,'yes','yes','yes','yes'),(149,154,'yes','yes','yes','yes'),(150,155,'yes','yes','yes','yes'),(151,156,'yes','yes','yes','yes'),(152,157,'yes','yes','yes','yes'),(153,158,'yes','yes','yes','yes'),(154,159,'yes','yes','yes','yes'),(155,160,'yes','yes','yes','yes'),(156,161,'yes','yes','yes','yes'),(157,162,'yes','yes','yes','yes'),(158,163,'yes','yes','yes','yes'),(159,164,'yes','yes','yes','yes'),(160,165,'yes','yes','yes','yes'),(161,166,'yes','yes','yes','yes'),(162,167,'yes','yes','yes','yes'),(163,168,'no','no','no','no'),(164,169,'yes','yes','yes','yes'),(165,170,'yes','yes','yes','yes'),(166,171,'yes','yes','yes','yes'),(167,172,'yes','yes','yes','yes'),(168,173,'yes','yes','yes','yes'),(169,174,'yes','yes','yes','yes'),(170,175,'yes','yes','yes','yes'),(171,176,'yes','yes','yes','yes'),(172,177,'yes','yes','yes','yes'),(173,178,'yes','yes','yes','yes'),(174,179,'yes','yes','yes','yes'),(175,180,'yes','yes','yes','yes'),(176,181,'yes','yes','yes','yes'),(177,182,'yes','yes','yes','yes'),(178,183,'yes','yes','yes','yes'),(179,184,'yes','yes','yes','yes'),(180,185,'yes','yes','yes','yes'),(181,186,'yes','yes','yes','yes'),(182,187,'yes','yes','yes','yes'),(183,188,'yes','yes','yes','yes'),(184,189,'yes','yes','yes','yes'),(185,190,'yes','yes','yes','yes'),(186,191,'yes','yes','yes','yes'),(187,192,'yes','yes','yes','yes'),(188,193,'yes','yes','yes','yes'),(189,194,'yes','yes','yes','yes'),(190,195,'yes','yes','yes','yes'),(191,196,'yes','yes','yes','yes'),(192,197,'yes','yes','yes','yes'),(193,198,'yes','yes','yes','yes'),(194,199,'yes','yes','yes','yes'),(195,200,'yes','yes','yes','yes'),(196,201,'yes','yes','yes','yes'),(197,202,'yes','yes','yes','yes'),(198,203,'yes','yes','yes','yes'),(199,204,'yes','yes','yes','yes'),(200,205,'yes','yes','yes','yes'),(201,206,'yes','yes','yes','yes'),(202,207,'yes','yes','yes','yes'),(203,208,'yes','yes','no','yes'),(204,209,'yes','yes','yes','yes'),(205,210,'yes','yes','yes','yes'),(206,211,'yes','yes','yes','yes'),(207,212,'yes','yes','yes','yes'),(208,213,'yes','yes','yes','yes'),(209,214,'yes','yes','yes','yes'),(210,215,'yes','yes','yes','yes'),(211,216,'yes','yes','yes','yes'),(212,217,'yes','yes','yes','yes'),(213,218,'yes','yes','yes','yes'),(214,219,'yes','yes','yes','yes'),(215,220,'yes','yes','yes','yes'),(216,221,'yes','yes','yes','yes'),(217,222,'yes','yes','yes','yes'),(218,223,'yes','yes','yes','yes'),(219,224,'yes','yes','yes','yes'),(220,225,'yes','yes','yes','yes'),(221,226,'yes','yes','yes','yes'),(222,227,'yes','yes','yes','yes'),(223,228,'yes','yes','yes','yes'),(224,229,'yes','yes','yes','yes'),(225,230,'yes','yes','yes','yes'),(226,231,'yes','yes','yes','yes'),(227,232,'yes','yes','yes','yes'),(228,233,'yes','yes','yes','yes'),(229,234,'yes','yes','yes','yes'),(230,235,'yes','yes','yes','yes'),(231,236,'yes','yes','yes','yes'),(232,237,'yes','yes','yes','yes'),(233,238,'yes','yes','yes','yes'),(234,239,'yes','yes','yes','yes'),(235,240,'yes','yes','yes','yes'),(236,241,'yes','yes','yes','yes'),(237,242,'yes','yes','yes','yes'),(238,243,'yes','yes','no','yes'),(239,244,'yes','yes','yes','yes'),(240,245,'yes','yes','yes','yes'),(241,246,'yes','yes','yes','yes'),(242,247,'yes','yes','yes','yes'),(243,248,'yes','yes','yes','yes'),(244,249,'yes','yes','yes','yes'),(245,250,'yes','yes','yes','yes'),(246,251,'yes','yes','yes','yes'),(247,252,'yes','yes','yes','yes'),(248,253,'yes','yes','yes','yes'),(249,254,'yes','yes','yes','yes'),(250,255,'yes','yes','yes','yes'),(251,256,'yes','yes','yes','yes'),(252,257,'yes','yes','yes','yes'),(253,258,'yes','yes','yes','yes'),(254,259,'yes','yes','yes','yes'),(255,260,'yes','yes','yes','yes'),(256,261,'yes','yes','yes','yes'),(257,262,'yes','yes','yes','yes'),(258,263,'yes','yes','yes','yes'),(259,264,'yes','yes','yes','yes'),(260,265,'yes','yes','yes','yes'),(261,266,'yes','yes','yes','yes'),(262,267,'yes','yes','yes','yes'),(263,268,'yes','yes','yes','yes'),(264,269,'yes','yes','yes','yes'),(265,270,'yes','yes','yes','yes'),(266,271,'yes','yes','yes','yes'),(267,272,'yes','yes','yes','yes'),(268,273,'yes','yes','yes','yes'),(269,274,'yes','yes','no','yes'),(270,275,'yes','yes','yes','yes'),(271,276,'yes','yes','yes','yes'),(272,277,'yes','yes','yes','yes'),(273,278,'yes','yes','yes','yes'),(274,279,'yes','yes','yes','yes'),(275,280,'yes','yes','yes','yes'),(276,281,'yes','yes','yes','yes'),(277,282,'yes','yes','yes','yes'),(278,283,'yes','yes','yes','yes'),(279,284,'yes','yes','yes','yes'),(280,285,'yes','yes','yes','yes'),(281,286,'yes','yes','yes','yes'),(282,287,'yes','yes','yes','yes'),(283,288,'yes','yes','yes','yes'),(284,289,'yes','yes','yes','yes'),(285,290,'yes','yes','yes','yes'),(286,291,'yes','yes','yes','yes'),(287,292,'yes','yes','yes','yes'),(288,293,'yes','yes','yes','yes'),(289,294,'yes','yes','yes','yes'),(290,295,'yes','yes','yes','yes'),(291,296,'yes','yes','yes','yes'),(292,297,'yes','yes','yes','yes'),(293,298,'yes','yes','yes','yes'),(294,299,'yes','yes','yes','yes'),(295,300,'yes','yes','yes','yes'),(296,301,'yes','yes','yes','yes'),(297,302,'yes','yes','yes','yes'),(298,303,'yes','yes','yes','yes'),(299,304,'yes','yes','yes','yes'),(300,305,'yes','yes','yes','yes'),(301,306,'yes','yes','yes','yes'),(302,307,'yes','yes','yes','yes'),(303,308,'yes','yes','yes','yes'),(304,309,'yes','yes','yes','yes'),(305,310,'yes','yes','yes','yes'),(306,311,'yes','yes','yes','yes'),(307,312,'yes','yes','yes','yes'),(308,313,'yes','yes','yes','yes'),(309,314,'yes','yes','yes','yes'),(310,315,'yes','yes','yes','yes'),(311,316,'yes','yes','yes','yes'),(312,317,'yes','yes','yes','yes'),(313,318,'yes','yes','yes','yes'),(314,319,'yes','yes','yes','yes'),(315,320,'yes','yes','yes','yes'),(316,321,'yes','yes','yes','yes'),(317,322,'yes','yes','yes','yes'),(318,323,'yes','yes','yes','yes'),(319,324,'yes','yes','yes','yes'),(320,325,'yes','yes','yes','yes'),(321,326,'yes','yes','yes','yes'),(322,327,'yes','yes','yes','yes'),(323,328,'yes','yes','yes','yes'),(324,329,'yes','yes','yes','yes'),(325,330,'yes','yes','yes','yes'),(326,331,'yes','yes','yes','yes'),(327,332,'yes','yes','yes','yes'),(328,333,'yes','yes','yes','yes'),(329,334,'yes','yes','yes','yes'),(330,335,'yes','yes','yes','yes'),(331,336,'yes','yes','yes','yes'),(332,337,'yes','yes','yes','yes'),(333,338,'yes','yes','yes','yes'),(334,339,'yes','yes','yes','yes'),(335,340,'yes','yes','yes','yes'),(336,341,'yes','yes','yes','yes'),(337,342,'yes','yes','yes','yes'),(338,343,'yes','yes','yes','yes'),(339,344,'yes','yes','yes','yes'),(340,345,'yes','yes','yes','yes'),(341,346,'yes','yes','yes','yes'),(342,347,'yes','yes','yes','yes'),(343,348,'yes','yes','yes','yes'),(344,349,'yes','yes','yes','yes'),(345,350,'yes','yes','yes','yes'),(346,351,'yes','yes','yes','yes'),(347,352,'yes','yes','yes','yes'),(348,353,'yes','yes','yes','yes'),(349,354,'yes','yes','yes','yes'),(350,355,'yes','yes','yes','yes'),(351,356,'yes','yes','yes','yes'),(352,357,'yes','yes','yes','yes'),(353,358,'yes','yes','yes','yes'),(354,359,'yes','yes','yes','yes');

/*Table structure for table `ratings` */

DROP TABLE IF EXISTS `ratings`;

CREATE TABLE `ratings` (
  `rating_id` bigint(20) NOT NULL AUTO_INCREMENT,
  `video_id` bigint(20) NOT NULL,
  `user_id` bigint(20) NOT NULL,
  `date_created` datetime NOT NULL,
  `rating` tinyint(4) NOT NULL,
  PRIMARY KEY (`rating_id`)
) ENGINE=MyISAM AUTO_INCREMENT=14 DEFAULT CHARSET=utf8;

/*Data for the table `ratings` */

insert  into `ratings`(`rating_id`,`video_id`,`user_id`,`date_created`,`rating`) values (1,1202,-1,'2011-02-09 00:00:00',1),(2,1202,357,'2011-02-09 00:00:00',1),(3,1202,-3,'2011-02-09 00:00:00',1),(4,1202,-4,'2011-02-09 00:00:00',1),(5,1202,-5,'2011-02-09 00:00:00',1),(6,1202,-6,'2011-02-09 00:00:00',1),(7,1202,-7,'2011-02-09 00:00:00',1),(8,1202,-8,'2011-02-09 00:00:00',1),(9,1195,-8,'2011-02-09 00:00:00',0),(10,1182,-8,'2011-02-09 00:00:00',1),(11,931,-6,'2011-02-15 00:00:00',1),(12,1005,-6,'2011-02-15 00:00:00',0),(13,932,18,'2011-05-12 06:43:46',1);

/*Table structure for table `settings` */

DROP TABLE IF EXISTS `settings`;

CREATE TABLE `settings` (
  `setting_id` int(11) NOT NULL AUTO_INCREMENT,
  `name` varchar(255) NOT NULL,
  `value` longtext NOT NULL,
  PRIMARY KEY (`setting_id`)
) ENGINE=MyISAM AUTO_INCREMENT=41 DEFAULT CHARSET=utf8;

/*Data for the table `settings` */

insert  into `settings`(`setting_id`,`name`,`value`) values (1,'active_theme','cumulus'),(2,'default_language','english'),(3,'enabled_plugins','a:0:{}'),(4,'auto_approve_users','1'),(5,'auto_approve_videos','1'),(6,'auto_approve_comments','1'),(7,'debug_conversion','0'),(9,'video_size_limit','102000000'),(11,'pagination_page_limit','9'),(40,'qt_faststart','/usr/local/bin/qt-faststart'),(15,'base_url','http://cumulus'),(16,'secret_key','75ddabc22ef65219ca07012bd3270936'),(17,'sitename','CumulusClips'),(18,'admin_email','miguel@mahurtado.com'),(19,'enable_uploads','1'),(20,'ffmpeg','/usr/local/bin/ffmpeg'),(21,'php','/usr/bin/php'),(22,'active_mobile_theme','mobile'),(23,'active_languages','a:3:{i:10;s:7:\"english\";i:11;s:7:\"spanish\";i:12;s:19:\"chinese_traditional\";}'),(24,'installed_plugins','a:1:{i:0;s:10:\"HelloWorld\";}'),(25,'h264_url',''),(26,'theora_url',''),(27,'mobile_url',''),(28,'thumb_url',''),(29,'h264_options','-vcodec libx264 -b 1600k -acodec libfaac -ac 2 -ab 128k -ar 44100 -f mp4'),(30,'theora_options','-vcodec libtheora -b 1600k -acodec libvorbis -ac 2 -ab 128k -ar 44100 -f ogg'),(31,'mobile_options','-vf scale=480:-1 -vcodec libx264 x264opts level=30:cabac=0:brames=0:weightb=0:weightp=0:8x8dct=0 -b 1000k -acodec libfaac -ac 1 -ab 96k -ar 44100 -f mp4'),(32,'thumb_options','-vf scale=640:-1 -t 1 -r 1 -f mjpeg'),(33,'smtp','O:8:\"stdClass\":5:{s:7:\"enabled\";s:1:\"0\";s:4:\"host\";s:0:\"\";s:4:\"port\";i:25;s:8:\"username\";s:0:\"\";s:8:\"password\";s:0:\"\";}'),(34,'alerts_videos','1'),(35,'alerts_comments','1'),(36,'alerts_ratings','1'),(37,'alerts_users','1'),(38,'from_name',''),(39,'from_address','');

/*Table structure for table `subscriptions` */

DROP TABLE IF EXISTS `subscriptions`;

CREATE TABLE `subscriptions` (
  `sub_id` bigint(20) NOT NULL AUTO_INCREMENT,
  `user_id` bigint(20) NOT NULL,
  `member` bigint(20) NOT NULL,
  `date_created` datetime NOT NULL,
  PRIMARY KEY (`sub_id`)
) ENGINE=MyISAM AUTO_INCREMENT=102 DEFAULT CHARSET=utf8;

/*Data for the table `subscriptions` */

insert  into `subscriptions`(`sub_id`,`user_id`,`member`,`date_created`) values (1,56,52,'2009-07-27 00:00:00'),(2,67,32,'2009-08-24 00:00:00'),(3,69,29,'2009-08-30 00:00:00'),(4,70,29,'2009-09-01 00:00:00'),(5,85,64,'2009-10-12 00:00:00'),(6,89,27,'2009-11-03 00:00:00'),(8,99,63,'2009-12-16 00:00:00'),(9,106,105,'2010-01-04 00:00:00'),(10,114,64,'2010-01-17 00:00:00'),(11,125,97,'2010-02-07 00:00:00'),(12,125,32,'2010-02-07 00:00:00'),(13,125,64,'2010-02-07 00:00:00'),(14,125,110,'2010-02-07 00:00:00'),(15,125,105,'2010-02-07 00:00:00'),(16,125,20,'2010-02-07 00:00:00'),(17,125,31,'2010-02-07 00:00:00'),(18,125,100,'2010-02-07 00:00:00'),(19,125,27,'2010-02-07 00:00:00'),(20,125,34,'2010-02-07 00:00:00'),(21,125,98,'2010-02-07 00:00:00'),(22,125,26,'2010-02-07 00:00:00'),(23,125,63,'2010-02-07 00:00:00'),(24,125,95,'2010-02-07 00:00:00'),(25,125,36,'2010-02-07 00:00:00'),(26,125,29,'2010-02-07 00:00:00'),(27,125,33,'2010-02-07 00:00:00'),(28,125,35,'2010-02-07 00:00:00'),(29,125,30,'2010-02-07 00:00:00'),(30,126,19,'2010-02-09 00:00:00'),(31,150,63,'2010-03-25 00:00:00'),(33,152,28,'2010-04-08 00:00:00'),(34,152,20,'2010-04-08 00:00:00'),(35,152,26,'2010-04-08 00:00:00'),(36,152,34,'2010-04-08 00:00:00'),(37,152,64,'2010-04-08 00:00:00'),(38,152,97,'2010-04-08 00:00:00'),(39,21,141,'2010-04-09 00:00:00'),(40,21,20,'2010-04-09 00:00:00'),(41,21,26,'2010-04-09 00:00:00'),(42,21,25,'2010-04-09 00:00:00'),(43,21,108,'2010-04-09 00:00:00'),(44,164,152,'2010-04-20 00:00:00'),(45,164,34,'2010-04-20 00:00:00'),(46,174,100,'2010-05-26 00:00:00'),(47,176,97,'2010-06-16 00:00:00'),(48,194,29,'2010-08-05 00:00:00'),(49,194,95,'2010-08-05 00:00:00'),(50,216,27,'2010-09-09 00:00:00'),(51,226,105,'2010-09-24 00:00:00'),(52,228,100,'2010-09-29 00:00:00'),(53,229,141,'2010-09-29 00:00:00'),(55,239,63,'2010-10-13 00:00:00'),(57,271,246,'2010-12-15 00:00:00'),(58,304,246,'2011-01-12 00:00:00'),(59,349,274,'2011-02-06 00:00:00'),(60,352,63,'2011-02-06 00:00:00'),(82,20,105,'2011-03-10 05:27:18'),(81,20,29,'2011-03-10 05:27:18'),(80,20,95,'2011-03-10 05:27:18'),(79,20,100,'2011-03-10 05:27:18'),(78,20,246,'2011-03-10 05:27:18'),(75,20,63,'2011-03-10 05:27:18'),(77,20,141,'2011-03-10 05:27:18'),(76,20,274,'2011-03-10 05:27:18'),(99,18,246,'2011-03-10 05:27:18'),(95,18,105,'2011-03-10 05:27:18'),(94,18,63,'2011-03-10 05:27:18'),(91,18,100,'2011-03-10 05:27:18'),(98,18,100,'2011-03-10 05:27:18'),(96,18,29,'2011-03-10 05:27:18'),(101,18,274,'2011-03-10 05:27:18');

/*Table structure for table `updates` */

DROP TABLE IF EXISTS `updates`;

CREATE TABLE `updates` (
  `cat_id` bigint(20) NOT NULL AUTO_INCREMENT,
  `cat_name` varchar(250) NOT NULL,
  `cat_description` text,
  `date_created` date NOT NULL,
  PRIMARY KEY (`cat_id`),
  UNIQUE KEY `channel_id` (`cat_id`)
) ENGINE=MyISAM AUTO_INCREMENT=29 DEFAULT CHARSET=utf8;

/*Data for the table `updates` */

insert  into `updates`(`cat_id`,`cat_name`,`cat_description`,`date_created`) values (28,'Programming',NULL,'2010-09-06'),(12,'Windows','Everything about all Windows operating systems','2009-03-08'),(14,'Computer Hardware','RAM, Motherboards, Hard Drives, CPU & Proccessors','2009-06-08'),(15,'Web Design','PHP, JSP, C#, ASP, AJAX, PERL, ColdFusion, VB.NET, JavaScript','2009-06-08'),(18,'Software and CMS','PhotoShop, Final Cut, GIMP, Excel, Flash, Access, Illustrator, DreamWeaver, Word, and other software','2011-01-08'),(20,'Electronics','Car stereos, home theaters, Blu-Rays, Xbox, PS3, LCD/Plasma','2011-03-08'),(24,'Apple','OS X, Aqua, Finder, Mac Pro, iLife Apps, and other Apple related videos','2011-03-08'),(23,'Linux','Linux operating system and components','2011-03-08'),(25,'Graphic Design and Animation','Graphic Design and production, 3D animation, stopmotion, cartoon animation','2011-03-08'),(26,'Video and Audio','Video production, sound mixing, audio production and other related screencast and tutorials','0000-00-00');

/*Table structure for table `users` */

DROP TABLE IF EXISTS `users`;

CREATE TABLE `users` (
  `user_id` bigint(20) NOT NULL AUTO_INCREMENT,
  `username` varchar(80) NOT NULL,
  `email` varchar(80) NOT NULL,
  `password` varchar(255) NOT NULL,
  `status` varchar(255) NOT NULL,
  `date_created` date NOT NULL,
  `first_name` varchar(255) DEFAULT NULL,
  `last_name` varchar(255) DEFAULT NULL,
  `about_me` text,
  `website` text,
  `confirm_code` varchar(255) DEFAULT NULL,
  `views` bigint(20) DEFAULT '0',
  `last_login` date DEFAULT NULL,
  `avatar` varchar(255) DEFAULT NULL,
  `released` tinyint(1) NOT NULL DEFAULT '0',
  `admin` tinyint(1) NOT NULL DEFAULT '0',
  PRIMARY KEY (`user_id`),
  KEY `username` (`username`),
  KEY `email` (`email`)
) ENGINE=MyISAM AUTO_INCREMENT=363 DEFAULT CHARSET=utf8;

/*Data for the table `users` */

insert  into `users`(`user_id`,`username`,`email`,`password`,`status`,`date_created`,`first_name`,`last_name`,`about_me`,`website`,`confirm_code`,`views`,`last_login`,`avatar`,`released`,`admin`) values (18,'miguel','miguel@techievideos.com','default1','active','2009-07-15','',NULL,'','',NULL,1390,'2011-01-24','',1,0),(19,'proof','limartinez2@yahoo.com','Nicole_01','active','2009-07-15','RIK','MAR','','www.reddropsdesign.com',NULL,605,'2010-03-30',NULL,1,0),(20,'genesis','genesis@techievideos.com','default1','active','2009-07-15','','','Heartbroken...','',NULL,1513,'2011-01-20',NULL,1,0),(21,'CharlieF22','charlief22@techievideos.com','default1','active','2009-07-15',NULL,NULL,NULL,NULL,NULL,917,'2010-07-26',NULL,1,0),(22,'TechieVideos','techievideos@techievideos.com','default1','active','2009-07-15',NULL,NULL,NULL,NULL,NULL,731,'2011-02-04',NULL,1,0),(25,'dotnetfreaks','dotnetfreaks@techievideos.com','default1','active','2009-07-15',NULL,NULL,NULL,NULL,'0NgcQwJ8lqhw7CHiO7I2XyVKl10C10ESNooacEFoCp',981,'2010-01-14',NULL,1,0),(26,'GeeksOnSteroids','geeksonsteroids@techievideos.com','default1','active','2009-07-15',NULL,NULL,NULL,NULL,'Wj9NhOpXEaIw4FFxzYUJr9DIQzLVRkcaA50aicAg',965,'2011-01-27',NULL,1,0),(27,'weknowwindows','weknowwindows@techievideos.com','default1','active','2009-07-15',NULL,NULL,NULL,NULL,'xGbKPQh2PkIwgkSY0ue210d7lkHng42y5FocPJDJd',987,'2010-12-20',NULL,1,0),(28,'Aspen199','aspen199@techievideos.com','default1','active','2009-07-15',NULL,NULL,NULL,NULL,'5qAJskPACmIZlEVKRCv3gbu08Jj8MKfMbPDl8a8o',776,'2010-07-17',NULL,1,0),(29,'PHPrUs','phprus@techievideos.com','default1','active','2009-07-15',NULL,NULL,NULL,NULL,'54BsMn9vrGT11ESAVKAWhKAGdKf2x8904aE6Z8p2',637,'2011-01-26',NULL,1,0),(30,'TechTeachers','techteachers@techievideos.com','default1','active','2009-07-15',NULL,NULL,NULL,NULL,'1cJ9riHRWX3Y2qzJp8nlGg0I2OEY8YUluK2Lh2FT',381,'2010-01-16',NULL,1,0),(31,'WebJunkies','webjunkies@techievideos.com','default1','active','2009-07-15',NULL,NULL,NULL,NULL,'SgQzsQ92pgyN3xiWvMzh3P77X1n7OOcM420sIRBy',595,'2010-04-05',NULL,1,0),(32,'jNickles','jnickles@techievideos.com','default1','active','2009-07-15',NULL,NULL,NULL,NULL,'LDvAFWf2uP6QDX2YRQZ43I5WNWUVKPiZLOZyArp10',663,'2010-07-24',NULL,1,0),(33,'Vince','vince@techievideos.com','default1','active','2009-07-15',NULL,NULL,NULL,NULL,'ZAYyFMg3ED5zinkiwm3WjucBrBZTXFNA6zCQR10Y0',400,NULL,NULL,1,0),(34,'iLoveMacs','ilovemacs@techievideos.com','default1','active','2009-07-15',NULL,NULL,NULL,NULL,'nCw5EEAs1MDDVVYg3XcQHITKcCTXEOK0RNHSFmEb',717,'2010-07-31',NULL,1,0),(35,'ShatterWindows','shatterwindows@techievideos.com','default1','active','2009-07-15',NULL,NULL,NULL,NULL,'bojcyJYWcI9pGzKj5ab2CdsAiCPVyrNvT3MhjYlj',261,'2010-03-30',NULL,1,0),(36,'HACKERZdelight','hackerzdelight@techievideos.com','default1','active','2009-07-15',NULL,NULL,NULL,NULL,'DLzjDtIQUz10BvSGbQAk9mBee472PqbuVnzx0gL9V',672,'2009-12-11',NULL,1,0),(48,'kelye','bbogdan@easylinks.ro','1q2w3e4r','active','2009-07-17',NULL,NULL,NULL,NULL,'6aK1k7lBm8tHnSjRd7JCJ3UVDveJpvxvJo4AM5Xs',175,'2009-07-17',NULL,1,0),(38,'BrandonDLC','wfgny@yahoo.com','bdlc85','new','2009-07-15','Brandon','De La Cruz',NULL,NULL,'IZfzEbRmZm4CPcFWHnMmQqu0SLS7KbWLTgOzKfUb',0,NULL,NULL,0,0),(44,'BDLC85','delacruzbrandon@yahoo.com','bdlc85','active','2009-07-15','Brandon','De La Cruz',NULL,NULL,'NkpRVMQos5AOOyJPXmnJgggUInCbzhe7VbbLP1Wr',35,'2009-07-15',NULL,1,0),(47,'kafydang','kafydang@gmail.com','phuong21','active','2009-07-15','Kathy','Dang',NULL,NULL,'PC5X58f5d8AIAo6G7qYBTVWQ6P8lN0UB6WPZkWIz',178,'2009-07-15',NULL,1,0),(49,'farasy','farasy@gmx.de','63046966','active','2009-07-21','siggi','siggi',NULL,NULL,'98aOzpJHGeKvfLh3rs2MvkrXIPi4ub27QB9Yxk6G',184,'2009-07-21',NULL,1,0),(50,'buddymessina','herhotbox@gmail.com','123456','new','2009-07-21','buddy','messina',NULL,NULL,'n8Nh2mfwQ64rOTDfA2WKUGYSs42DLUQAT9TGkX4x',0,NULL,NULL,0,0),(51,'finnerstry','rick@adrenpro.com','aWu*yRR5d$','active','2009-07-21','richard','finnerstry',NULL,NULL,'WBEuH5y94Z8JcMojz5wfrET84uJ18BGViD08se4z',173,'2009-07-22',NULL,1,0),(52,'Gamer4u2Envy','gamer4u2envy@techievideos.com','default1','active','2009-07-22',NULL,NULL,NULL,NULL,'1SHCs4Bite5d7mmHZbnEdsmDSEsRGumQqKOfcfe0',823,'2011-01-10',NULL,1,0),(53,'WebDesignUniversity','webmaster@web8studios.com','integra66','active','2009-07-23',NULL,NULL,NULL,NULL,'VS0mpfHAD88Gt509nscV3KO0AcuI8WnpZ4H3n1LW',167,'2009-07-23',NULL,1,0),(54,'ofnavarro','ofnavarro@hotmail.com','aguila','active','2009-07-24','Oscar','Fernández',NULL,NULL,'1xwuNiR8ON6RMlRljgw8JbcvwvwxtarL7V4KvACn',184,'2009-07-24',NULL,1,0),(55,'spyxdaxworld','spyxdaxworld@gmail.com','sylhet','active','2009-07-26','hasan','miah',NULL,NULL,'Q4pcoIm7ExDCt22QtzvFp6cPYEFNGCrpE09LeJ4V',158,'2009-07-26',NULL,1,0),(56,'cnc23','freddy232323@gmail.com','1qazxsw2','active','2009-07-27','jorge','cubas',NULL,NULL,'jE93LLKC6RO70caXzK3tM8Ma0B0mt6kqpe3Bbu5o',182,'2009-08-22',NULL,1,0),(57,'radillard','rdlink@yahoo.com','ho1dho1d','new','2009-07-29','Rad','Dillard',NULL,NULL,'l7XnrGAZXTgKchnrNq8s3rIKIGZzKQqY7eqIU3ua',0,NULL,NULL,0,0),(58,'rdlink','radillard1@yahoo.com','45524552','new','2009-07-29','rad','dillard',NULL,NULL,'Pk5B9UNkfKQgcDwrXzWn3dhZASJoKvU6XU8cow3P',0,NULL,NULL,0,0),(59,'hamakhaa','hammadafridi@yahoo.com','library','active','2009-07-30','Hammad','Afridi',NULL,NULL,'lCIJmHsZcnsLUKMlD2E3gIih230IT57G7Yi5aORf',175,'2009-07-30',NULL,1,0),(60,'hitman','2coexist@gmail.com','hithicks','active','2009-07-31','Robert','Hicks',NULL,NULL,'YTiuuZi4aiOjCfeef0sDmMBi8I2djBCoD7lShuog',169,'2009-07-31',NULL,1,0),(61,'Sergio','newbeginningstudios@gmail.com','jesus1st','active','2009-08-03','Sergio','Montanez',NULL,NULL,'kRyRQFkw9QLGc7gzFYovyaKSwy4ejMUL6l9tDcHA',191,'2009-08-03',NULL,1,0),(62,'skeptic','abcdballer@hotmail.com','milodog1','new','2009-08-07','Jeremy','Leece',NULL,NULL,'zIufPQswdg3j96OM4rY7ph9CNeXeo70q6B2K5cRX',0,NULL,NULL,0,0),(63,'JscriptR','jscriptr@techievideos.com','default1','active','2009-08-10',NULL,NULL,NULL,NULL,'RiG0N7O6debeFR4uIdyKw5lmKiNKedsSnDEAh0em',705,'2009-12-12',NULL,1,0),(64,'UbuntuCom','ubuntucom@techievideos.com','default1','active','2009-08-12','Dean','Mayer','Ubuntu will take over!!!','','pXCf42BofmopYicLLlJbJRafUEzq1utQPInlv4IF',1317,'2010-04-20',NULL,1,0),(65,'ThomasTheXPUser','thomasthexpuser@hotmail.com','hello1','active','2009-08-20',NULL,NULL,NULL,NULL,'mtDSqtOrFG5ddj3wTw6S5RZA3cM1bO8An2UThYsX',167,'2009-12-18',NULL,1,0),(66,'llowejr','llowejr@dakotasioux.com','Ade7gase!','new','2009-08-23','Lawrence','Lowe Jr',NULL,NULL,'FnZjCK1Y6R4zd2DG8M1AYAtIysWcf8Sd60xX4aM1',0,NULL,NULL,0,0),(67,'There','therewhite@yahoo.com','3111965dp','active','2009-08-24','There','White',NULL,NULL,'6xYDv5LjEflXoOTp2RWDuXqVwdrtnZD1Pq8hGF2L',164,'2009-08-24',NULL,1,0),(68,'azerty','emmommilli_785@yopmail.com','azerty','active','2009-08-25',NULL,NULL,NULL,NULL,'EnWzkAhcfieG2muunHvEukxLtsb2y8QKsSoNS1SR',177,'2009-08-25',NULL,1,0),(69,'eliaspraciano','eliaspraciano@yahoo.com.br','3lias78','active','2009-08-29','Elias','Praciano','I live in a small town in the north eastern of Brazil.','http://elias.praciano.com','t72yFPLHmQcUTZM08p48SqU3J04rnN1he5EX0YAX',179,'2009-08-30',NULL,1,0),(70,'mojara','mojara@live.com','bismillah2914','active','2009-08-31','Amen','Ra',NULL,NULL,'yN3KI06pOPwrGkxfh49RCVwv7wcwhWjTimTak1e3',177,'2010-04-28',NULL,1,0),(71,'diaconsultancy','diaconsultancy@gmail.com','priya','active','2009-09-04','Amit','P',NULL,NULL,'2mmMCO42f2AxWMQ5AtWhixxUZu6YlgAy9JwJwbWP',161,'2009-09-04',NULL,1,0),(72,'angelomarques','angelo94marques@hotmail.com','angelom','new','2009-09-07','Angelo','Marques',NULL,NULL,'MLY2h1My0HO2FXYaAyjUId4h5Jsr5nDdw7zCtazu',0,NULL,NULL,0,0),(73,'Amorosa','amorosa20000@hotmail.com','amorosa','active','2009-09-09','Yuliana','Aleman',NULL,NULL,'wncT8SZC9LOtjZQotmxCKRZ2k3pzEv1XDwxdb9h3',168,'2009-09-09',NULL,1,0),(74,'mtotheikle','mtotheikle@gmail.com','mavericks23','active','2009-09-12','Mike','will',NULL,NULL,'kkSgmxIzE98rH6lUHmw3q98kpajWOPDWBT2imA91',121,'2009-09-12',NULL,1,0),(75,'jebshred','jebshred@me.com','grapeape3','active','2009-09-13','jeb','brunt',NULL,NULL,'LaOpHYbTorsf8qvNVx3RIjj9dasL8UFgkJeRXlkN',169,'2009-09-13',NULL,1,0),(76,'babakumar','toiles@hotmail.com','pass','active','2009-09-18','BABA','KUMAR',NULL,NULL,'fr2CrpH8RVpCPCEKQZnlgpFem6c6HeEJCO5145HP',155,'2009-09-18',NULL,1,0),(77,'VeryFunnnyGirl','veryfunnnygirl@gmail.com','hO1wbW1976','new','2009-09-20','VeryFunnnyGirl','VeryFunnnyGirl',NULL,NULL,'3waTDzXum59qeFa2XNI4hbxEi7fTPvue9tsDCIN6',0,NULL,NULL,0,0),(78,'waynerahl','boxwoodw@gmail.com','sisterbro','active','2009-09-21','Wayne','Rahl',NULL,NULL,'O0mMEa5ImOnjSRpQYzvLg06s6Yj5RGkVM1L0QLKj',134,'2009-09-21',NULL,1,0),(79,'deinschatten','andreas-knoche@arcor.de','werder04','new','2009-09-23','Andreas','Knoche',NULL,NULL,'mNcTvJ15gtfTSjcOyGWxWpSpK1Hg2XLOs0uiHIaL',0,NULL,NULL,0,0),(80,'handsomegazi','gazierdogan71@gmail.com','akademik','active','2009-09-24','Gazi','ZER',NULL,NULL,'rqFRf7WtaKfDE10bh84NClcMvZY4ibl5EPL04VZz',139,'2009-09-24',NULL,1,0),(81,'asacarter','asa_carter@hotmail.com','wickes','active','2009-09-26','Asa','Carter',NULL,NULL,'48QjSWO7XIBGN0eQERcKbN9yFHwW6D2SW7H1MTZr',150,'2009-09-26',NULL,1,0),(82,'bigkevracer','bkr@bigkevracer.com','amd1985','active','2009-10-01','Ryan','Jones',NULL,NULL,'wPljeH2iIr3Sxuf8Evj5jx4bCu87oO5BHElhZfxV',134,'2009-10-01',NULL,1,0),(83,'pixeline','alexandre@pixeline.be','jeanne1','active','2009-10-06','alexandre','p',NULL,NULL,'bocjCJ0yhbQSruMI6NwhtlENlmEhd32rLuSNqwfd',146,'2009-10-13',NULL,1,0),(84,'aanpudur','aanpudur@gmail.com','rosypaul','new','2009-10-07','Aan','Vazhapilly',NULL,NULL,'OzfGQyUUp0EVpOiP37wXyu1iznLjt1cS5sj8BiCb',0,NULL,NULL,0,0),(85,'jsmeister67','jsmeister67@gmail.com','NoahsArk99$','active','2009-10-12',NULL,NULL,NULL,NULL,'pN3B2e9jGTJXA6zLXiuKwPWgqyJno9USy5lxgMTG',156,'2009-10-12',NULL,1,0),(86,'dave3rings','dave@3ringsmedia.com','dave208','active','2009-10-22','Dave','Campbell',NULL,NULL,'QIUbn38v78tt4c5VxpEA3czrl2LIpA6FxVmm4R0h',150,'2009-10-22',NULL,1,0),(88,'mamurillop','murillomarco@sigmahn.com','carmen00','active','2009-11-02','Marco','Murillo',NULL,NULL,'PaJVc56t8JfunQKvrVcBYbkvYOPKTefhZFof98ga',132,'2009-11-02',NULL,1,0),(89,'Slowtolearn','number1ronin@hotmail.com','shido3674','active','2009-11-03','Peter','van Valkenburg',NULL,NULL,'ydVtxhGebU9qHB6rJgvlfiLG8YDq14qvXYqkMwvX',147,'2009-11-03',NULL,1,0),(90,'apprentice','waynea@wanzl.co.uk','rupert','new','2009-11-18','Wayne','Asher',NULL,NULL,'QmUAuZss18P854sGjCoDSkpVPssM7iG9o6WjPsAn',0,NULL,NULL,0,0),(91,'BrittMalka','britt@malka.biz','prince','active','2009-11-18','Britt','Malka',NULL,NULL,'jG2aogzBYOi79ePmF6fg9ZEegO9oY9P0SLt6vCGX',138,'2009-11-20',NULL,1,0),(92,'sinhas','sinha_94583@yahoo.com','sinhas','active','2009-11-21','sanjay','sinh',NULL,NULL,'grcWTxT7C0c6uyDsO3O1jG1GWB5hltDlnWWuUzGw',142,'2009-11-23',NULL,1,0),(93,'assfucker','assfucker@gmail.com','betsybrown','new','2009-11-23','ass','fucker',NULL,NULL,'3x1tISmyeCUHAr8KGPJNp4sLELAqvSCiUfMbXHCU',0,NULL,NULL,0,0),(94,'caiopatu','caio_patu@hotmail.com','261293','active','2009-11-25','caio','patu',NULL,NULL,'dprZXqH3dNnAVpKq2GXY7enIh8oZds7eVHbU38QG',156,'2009-11-25',NULL,1,0),(95,'WordPressGuru','wordpressguru@techievideos.com','default1','active','2009-12-11',NULL,NULL,NULL,NULL,'WubDmlNy5C2k4LNFXEuQDWSpfuEXMc987JTrHysF',484,'2010-07-16',NULL,1,0),(96,'Seo2Success','seo2success@techievideos.com','default1','active','2009-12-11',NULL,NULL,NULL,NULL,'9QkgJps9XO4xcEGFpkmrnDktyBVbRLeUpetaYUPy',441,'2011-02-07',NULL,1,0),(97,'DrupalDrips','drupaldrips@techievideos.com','default1','active','2009-12-14',NULL,NULL,NULL,NULL,'dr0Cekg3KYc7ixOkamlbhDeWNAfvkwYFjnccLIjC',957,'2011-02-01',NULL,1,0),(98,'lloydspencer','lloyd@lloydrogerspencer.com','passport','active','2009-12-15','Lloyd','Spencer',NULL,NULL,'Kx7jPkABQLOTjCgFFMSE8rdsxlnYFAjLRssIYGGm',215,'2010-01-19',NULL,1,0),(99,'cc9of13','ccriscitello@stny.rr.com','maria4h','active','2009-12-16','Connie','Criscitello',NULL,NULL,'oPdUmijwq9KSk5renbN3UDwTmLgmwKMrjxqV3TFH',148,'2009-12-16',NULL,1,0),(100,'TuxTraining','tuxtraining@techievideos.com','default1','active','2009-12-16',NULL,NULL,NULL,NULL,'HIJbRyNIqmnUiblDHJflUBzWsK4OSP8D75zzSDMQ',566,'2010-11-11',NULL,1,0),(101,'beto34','cadoch2007@hotmail.com','choncho','active','2009-12-17','carlos','sandobal','','','seXnxa3La7OIXOmqXuX7zFPjqjIGXenQ6WRQJscR',143,'2009-12-20',NULL,1,0),(102,'jamalexa','jamalexa2003@netzero.com','kidsworld','active','2009-12-25','James','Alexander',NULL,NULL,'39HnZwEVrxU7QfR9zZNeE5Y5tCauTX1ME9IFfjQF',142,'2009-12-28',NULL,1,0),(103,'foo1ninja1monkey','www.foo_ninja_monkey@yahoo.com','HAFiINz&?C','new','2009-12-30','james','baker',NULL,NULL,'53FUT3ONZqS1O3zEvm74HnqOvzbaJOtyUXVGjkZg',0,NULL,NULL,0,0),(104,'raghubhushan','raghu.namburu@gmail.com','baby438','active','2009-12-31','raghubhushan','namburu',NULL,NULL,'JlbsmLvpNTRl5t600P7yq1yGNMAx9NyhFSwciSF4',122,'2009-12-31',NULL,1,0),(105,'TonyTouchUp','tonytouchup@techievideos.com','default1','active','2010-01-04',NULL,NULL,NULL,NULL,'QlFA5odkxai3WWuGDSOCLTrcS41FtGp5CW7tGl1G',587,'2010-01-12',NULL,1,0),(106,'kwphotos','kwadephotos@yahoo.com','travis97','active','2010-01-04','karen','wade',NULL,NULL,'cK8WdDkChqZfB2nkPQFD96jkOps4CTkKXwnmt4mT',151,'2010-01-04',NULL,1,0),(107,'rafatelhagaan','rafat_elhagaan@yahoo.com','1213141516','new','2010-01-10','ahmed','ebaid',NULL,NULL,'VwUI2O3CRcGsCJA3ZwTeUUIH9173kozYxplNJSlb',0,NULL,NULL,0,0),(108,'STaneja','staneja@techievideos.com','default1','active','2010-01-11',NULL,NULL,NULL,NULL,'OjKsvMi8WsgLB3NrEzgkYbPNzFM22vXXB04TeEN4',686,'2011-01-30',NULL,1,0),(109,'sbcjr','sbcjr@sbcjr.com','423heart','active','2010-01-12','Steven','Corbett','','http://motionmods.com','orBlrQMDQzAQUcLtMEHDJFbKebyIaQ3UCYZK6QfN',132,'2010-01-12',NULL,1,0),(110,'aptune','allenpatterson@mac.com','star12345','active','2010-01-12','Allen','patterson',NULL,NULL,'7DboU5XL1FEVcAaWqZ4Hg4rGR5f66FhJdQhRLJI0',212,'2010-01-12',NULL,1,0),(111,'axaaxa','rabbighead@yahoo.com','axaaxa','active','2010-01-13','Big','Head',NULL,NULL,'4XEa6l6qbVVLK9AdihoyoGSRupjScwJpV2Pcv3fE',121,'2010-01-13',NULL,1,0),(112,'michaelolu','michaelolu@gmail.com','systems','active','2010-01-13','Michael','Sangoranti',NULL,NULL,'WWjbEJ1WuyikoG1di7zlxXh4iHa8Xqgiu4E4GxLb',123,'2010-01-13',NULL,1,0),(113,'JoseGrenada','josegrenada@techievideos.com','default1','active','2010-01-13',NULL,NULL,NULL,NULL,'G9sLLDQIsZ8kgio3Zey9fV3q5q9N2Pp6HZHvEHUO',316,'2011-01-18',NULL,1,0),(114,'elostaz3omda','elostaz3omda@yahoo.com','emad123ss','active','2010-01-17','Emad','Ali',NULL,NULL,'QQiiOvoUQG52GgxSHhuf4SN5kgDUkBkzH2y7CYyQ',122,'2010-01-17',NULL,1,0),(115,'pongada','etamilmedia@gmail.com','123456aA','active','2010-01-17','mohamed lebbey','mohamed ramzy',NULL,NULL,'N3QvG6j1Xw4F9yW9kCKQeJiz7it8jZaJ6Prmqm42',125,'2010-01-17',NULL,1,0),(116,'crokano','crokano@gmail.com','cow32popcorn','active','2010-01-18','','','','','DYxCt6SfZwxKHAfsXCKYIvNpdXDz7YUNtBsFKmRP',139,'2010-01-18',NULL,1,0),(117,'priceyboy','mark@ukinvision.co.uk','123456','active','2010-01-19','mark','price',NULL,NULL,'Dkl3xbPfhpFZbVeT1Z64wyMYlHHSvimmX7Kn7HNY',114,'2010-01-19',NULL,1,0),(118,'briankl','briank.lowy@gmail.com','mma2615','new','2010-01-19','Brian','Lowry',NULL,NULL,'GF2KOdxFVHGzRVS0lDetHKRtzGmtf68KU2LPOqP1',0,NULL,NULL,0,0),(119,'fiberglassing','fiberglassing@gmail.com','pc4100pc','new','2010-01-28','Greg','Gentry',NULL,NULL,'dj8K3aZTKyIIGpoOzviOvoa6OQu3iZvt91I3oyJf',0,NULL,NULL,0,0),(120,'greggentry','greg@commercialremedies.com','pc4100pc','active','2010-01-28','Greg','Gentry',NULL,NULL,'UjpkEMu3yEdALmCqmyrlsDyxjFCiKuEAbeukfGiy',114,'2010-01-28',NULL,1,0),(121,'xueblueice','xueblueice@163.com','198056','active','2010-01-29','han','xue',NULL,NULL,'2jriaKnzYs4jxH2rh4FH6KP3JOAIFykbqw6GVN4J',113,'2010-01-29',NULL,1,0),(122,'chehresaz','hirkania_ofu@yahoo.com','FACE2FACE','active','2010-02-06','mina','chehresaz',NULL,NULL,'sJcM6A279HJrxwREowW4NIRufWj0ICBAJ33NEMEe',116,'2010-02-06',NULL,1,0),(123,'lsacosta','luis.sa65@gmail.com','102540','active','2010-02-06','Luís','Sá Costa',NULL,NULL,'WD9WqpuAjoa6i8IYvRLJ8N2KtpDHw1IqVsqjL5K9',110,'2010-02-06',NULL,1,0),(124,'judy720107','g9723210@yuntech.edu.tw','01070107','new','2010-02-07','judy720107','judy720107',NULL,NULL,'VFgsZXpxfTtAhXSGHgr7z06ljuE2qo6jATd8SdaL',0,NULL,NULL,0,0),(125,'rchk','henrik.maarn@gmail.com','1lugn.r1','active','2010-02-07','rchk',NULL,NULL,NULL,'4ZMhLmTgquqGFXmR4zsqhL42ZGVTrcrqd79kZZth',159,'2010-02-07',NULL,1,0),(126,'judy0107','judy@tzuchi.com.tw','01070107','active','2010-02-08','ruru','ruru',NULL,NULL,'l6a16rv9IFsjNXHV3VejHm9jjL4bfuY2MTCgZq2e',110,'2010-02-10',NULL,1,0),(127,'tejas','methejus@gmail.com','66sultan','active','2010-02-09','tejas','sadashivaiah',NULL,NULL,'1cZVcuGnv0O5xGAcOZv9bg8ec6Piu4AQmdZXEYyV',85,'2010-02-09',NULL,1,0),(128,'rajiva','rajivatre@gmail.com','rsa5571','active','2010-02-12','rajiv','atre',NULL,NULL,'iYK19lQuAViOYLds3ZK4zvuS9wHjHbxL5Ux2WFYj',96,'2010-02-12',NULL,1,0),(129,'debruhl','debruhls@gmail.com','7ryz0jrJ!w','active','2010-02-12','Sharon','DeBruhl',NULL,NULL,'HTKx8WWvgcLC3ruvGzqMIzJtOpKP1n8McefQySne',114,'2010-03-22',NULL,1,0),(130,'Lumious','Lumious11@comcast.net','lumiousdavid','active','2010-02-16','David','Totman',NULL,NULL,'WkZktMg4mkTJgrUuiI1uHWVDGpzxbtyKWMp4OnpD',89,'2010-02-16',NULL,1,0),(131,'Quevin','techievideos@quevin.com','k7ev1n77','active','2010-02-17','Kevin','Davison','','http://www.quevin.com','qADLxfvJOtOAEeMkGTFwzgHupGCbALPXkhuCO5RO',110,'2010-02-17',NULL,1,0),(132,'akoranteng','akoranteng@msn.com','ABEKABOY','new','2010-02-18','Alex','Koranteng',NULL,NULL,'Ws8GoxGrVa1whQxcKRsWUvSbW6mJOQZG2BLGXB3C',0,NULL,NULL,0,0),(133,'CurtisJ','curtisj@techievideos.com','default1','active','2010-02-18',NULL,NULL,NULL,NULL,'cYgmr8UYlErdLAR7IS4BhiuHp4XnlZQJ2R2TS7Gn',333,'2010-02-23',NULL,1,0),(134,'fariu','fariu100@gmail.com','Danmun43','active','2010-02-20','dan','king',NULL,NULL,'sYDGgVthV3bICecvfCjT754rlOtYiqz15RlQdgdM',98,'2010-02-20',NULL,1,0),(135,'Farooq','abbeyisfarooq@gmail.com','abiodunawo9k','active','2010-02-22','Farooq','Awonaike',NULL,NULL,'5bSGvi52nLS7VVktP8PIrlxmlXMjIvWTZeyviXPm',92,'2010-02-22',NULL,1,0),(136,'Abbey','abbeyisgood@yahoo.com','abiodunawo9k','new','2010-02-22','Farooq','Awonaike',NULL,NULL,'eC2a4PxmhLIbdMrjvluXdXPa06oXYx802YjGb6j2',0,NULL,NULL,0,0),(137,'wX25Ellen','wX25Ellen@written-papers.com','AjcuiVd289','active','2010-02-24','Peter','Pan',NULL,NULL,'F9kDTdcQnnHN2MurCiXnwlm5ReogY2T7gCy5coWa',93,'2010-02-24',NULL,1,0),(138,'babycia','sylvia@tqglobal.com.sg','tech934','active','2010-02-25','Sylvia','Kwok',NULL,NULL,'aFKNBPqKgs0CVZAHBOVYA6SK8XLcNDG43eaXSxja',85,'2010-02-25',NULL,1,0),(139,'avanadra','avanadra@gmail.com','zafaxaya','active','2010-03-01','ava','nadra',NULL,NULL,'4wPNJa9nXYGe0ZFayXFCzPIsz9x57ZcnhfuoPGzz',115,'2010-03-01',NULL,1,0),(140,'ahlemaster','ahlemsassi2009@gmail.com','08061986','active','2010-03-03','ahlem','master',NULL,NULL,'hDdS4KZBrqJzEjXUUekLSs7CxhmIp9B9RAEEn4tA',109,'2010-03-03',NULL,1,0),(141,'PixarHatesMe','pixarhatesme@techievideos.com','default1','active','2010-03-08',NULL,NULL,NULL,NULL,'WJQQ5jVf9w6PR3uYsVtswSpcnZ1WtOPdafJhstAz',327,'2010-03-08',NULL,1,0),(142,'rasmu','the_masks_007@hotmail.com','+29qnnpHkN','new','2010-03-12','rasmu',NULL,NULL,NULL,'cGEFa3CpwH2pQP79VC8wDuLGJXZnuyUGIMIhtKVv',0,NULL,NULL,0,0),(143,'rasmu2','sylvain.guigni@wanadoo.fr','rasmu2','active','2010-03-12','rasmu2',NULL,NULL,NULL,'X8fm55zwauDJ4BKdPDmK02fiCoULe1ibn3QhaHDa',106,'2010-03-12',NULL,1,0),(144,'LambertJanice34','aojudy@gmail.com','AjcuiVd289','active','2010-03-14','Janice','Lambert',NULL,NULL,'RmbJIQ1xxLpGpU3BnaPMmHgYOGTIFy9UVmI9YLxD',76,'2010-03-14',NULL,1,0),(145,'Seatla','stl3mosala@hotmail.com','sixdigits','new','2010-03-16','Seatla','Mosala',NULL,NULL,'0NHG4Qp9idwqRT2hl39AWn8hvI5MdUOdjDu4YHCq',0,NULL,NULL,0,0),(146,'katia','katiahborges@gmail.com','katia','active','2010-03-19','Katia','Borges',NULL,NULL,'i4z1oVnBJORZj3sZQ4NQJKcTPwwsaOGuseGKWZo5',119,'2010-03-19',NULL,1,0),(147,'nachid','nachid@yahoo.fr','dihcar','active','2010-03-23','nachid','dihcar',NULL,NULL,'Mnb2ClKZGUnA25PS2Dfsift4WV2Bw7BR52QWgAPR',107,'2010-03-23',NULL,1,0),(148,'ravindrareddym','ravindra_m4@yahoo.com','test123','new','2010-03-23','ravindra reddy','m',NULL,NULL,'N97Ki5xk6EujY7b12c58YHsqn0Ry6HWbhJh1yU4a',0,NULL,NULL,0,0),(149,'geco','giacomo79@email.it','entra','active','2010-03-24','Giacomo','Scarpellini',NULL,NULL,'6diSwevCTVByHsKKC4HcBIms9KUsFrKFmalgLGrW',125,'2010-03-24',NULL,1,0),(150,'mfoley','matt.foley@gallatin-tn.gov','gallatin01','active','2010-03-25','Matthew','Foley',NULL,NULL,'WXJSSSmR2orJhrGrNjDI19S2cCdRAjaHHHx9AH74',94,'2010-03-26',NULL,1,0),(151,'tuki1','tuki1@live.co.uk','phantasy777','active','2010-03-28','Jason','Tuxford',NULL,NULL,'UyWX4wi2BO78jw9wszhjy50Xnz0US5tMByuElyqH',85,'2010-03-28',NULL,1,0),(152,'rn799','rn799@techievideos.com','default1','active','2010-03-30',NULL,NULL,NULL,NULL,'1oKRbuGIrDDsgKsewJUo6DWtNgEscNDU500SYl00',241,'2010-04-08',NULL,1,0),(153,'assist1','treasure4ever@hotmail.com','toolbox','new','2010-04-03','e','j',NULL,NULL,'ncxS03saeoDJZ3sSoGJDwIWDRKB2yE8lJPyFmhXQ',0,NULL,NULL,0,0),(154,'alanm','masicmedia@live.nl','museljic','active','2010-04-03','alan','masic',NULL,NULL,'H5UPJitPf2IILXEysGgvA0WQMcO4KJCnJSICAPUx',104,'2010-04-03',NULL,1,0),(155,'hppawalsa','hppawalsa@yahoo.co.in','deepakdeepak','active','2010-04-04','Deepak','Pawalsa',NULL,NULL,'ytp9WIVlF4JKhrByXI1DdZvI1C6xTviBbfZSkHQF',72,'2010-04-04',NULL,1,0),(156,'ChiefAtayal','chief.atayal@gmail.com','love123','new','2010-04-05','chief','atayal',NULL,NULL,'n8nteH82icXjXtY3iVa4mrj9Zaf2Tsp8jvuDjcQV',0,NULL,NULL,0,0),(157,'lasheras','lasherasruiz@gmail.com','Pacoelcaco1','active','2010-04-06','lasheras','ruiz',NULL,NULL,'Sgj70YTul2pdcg0WDo3Jbe2Te2WNTwApqKUUirIj',92,'2010-04-06',NULL,1,0),(158,'ebtelco','ebtelco747@yahoo.com','123456','new','2010-04-06',NULL,NULL,NULL,NULL,'lW31gwBW0qcl2cQhqNxhsWH1CFcj5uEOj1Tq7J2h',0,NULL,NULL,0,0),(159,'nafary','osamagadallah@hotmail.com','goodsoul','active','2010-04-06','Osama','Gadallah',NULL,NULL,'cbG7SWykie6ZK2Ny2Yrg9Zix6X15aI54zenTEXlE',104,'2010-04-06',NULL,1,0),(160,'srallbass','abdessamad.boublal@gmail.com','srallbass','new','2010-04-08','srall','bass',NULL,NULL,'rh3GJUmypYDxRVD6X661g4YKcHO8OLjwbruCUPP0',0,NULL,NULL,0,0),(161,'svahidm','vahid_mirhoseini@yahoo.com','834215221267','active','2010-04-10','vahid','mirhosseini',NULL,NULL,'4GHx3vgmIQHKuYgZsPSUAb1Ev99NxXoIX0RvutTD',76,'2010-05-02',NULL,1,0),(162,'F1XX','F1Xspam@poczta.fm','123QWEasd','active','2010-04-13','Jan','Kowalski',NULL,NULL,'mBDbGGaDjuaLZmRyezzb459BFdsKTRztcrw5sBUw',104,'2010-04-13',NULL,1,0),(163,'calvinny2002','calvinny2002@yahoo.com','letsgo01','new','2010-04-15','calvin','shepherd',NULL,NULL,'PBzq9F6eNyppT67tddg6EalJgMGoZ7DhD9s9GHxj',0,NULL,NULL,0,0),(164,'jmathis','jmathis@techievideos.com','default1','active','2010-04-20',NULL,NULL,NULL,NULL,'ItTywrX0FTdqWDbaVfTXdI1j6dNBY8pzt6OJ3cdt',158,'2011-01-29',NULL,1,0),(165,'sreejithrangan','parthy.pan8@gmail.com','devapriya','new','2010-04-28','sreejith','rangan',NULL,NULL,'a7oqWKfOke2V2ZpHnn5T3wseeIdi58HB0jRKXeVL',0,NULL,NULL,0,0),(166,'davidpopo23','davidpopo23@yahoo.com','066651951','active','2010-04-28','david','popo',NULL,NULL,'Hmen7wXx1a4CiacMVdrYeXpv8UQilWG6YxejghH2',52,'2010-04-28',NULL,1,0),(167,'cosmicadvice','frodelarsen@mac.com','aiaguiden10','active','2010-04-29','Frode','Larsen','','http://www.cosmic-advice.com','4Sbe0jVDqlFkmw1iIHbNA23IlTVYZIBWm3QAIVZT',64,'2010-11-02',NULL,1,0),(168,'tofujitsu','tofujitsu@yahoo.com','cp425x','active','2010-05-03','Daniel','Bae',NULL,NULL,'BcAvWboIWaQ6DOTH1smiJsafHH6LB4r91F8HlzPo',91,'2010-05-03',NULL,1,0),(169,'tarstar2','tarstar2@gmail.com','tm666858','active','2010-05-06','Tim','McManus',NULL,NULL,'jyhwEOPlobV7ZaDPtFCiw7cYuDJJp6VQlvmlOwK0',67,'2010-06-08',NULL,1,0),(170,'jaffar','jaffar@poconnor.com','spider','active','2010-05-07','Jaffar','ali',NULL,NULL,'4zXxsBzv0WoFEGkUhviyJlTBTbRTsnsRM1fp6DUC',66,'2010-05-07',NULL,1,0),(171,'rothwell4','davidrothwell@xtra.co.nz','jakeaaron','active','2010-05-09','David','Rothwell',NULL,NULL,'AVB99IyxS1E7qzULxu7nwEVt9pfOcSRin7TejNNc',56,'2010-05-15',NULL,1,0),(172,'BudgetGadgets','meka@budgetgadgets.com','bgsvideo','active','2010-05-14','','','Latest Quality Gadgets Retail @ Wholesale Price - www.BudgetGadgets.com','http://www.budgetgadgets.com','3J1gyzOvR5ozcrKJMn0RXyc1RrZOPLg5heAOp1Tf',82,'2010-05-18',NULL,1,0),(173,'elliot','elliot@elliot.es','roding','new','2010-05-19','Elliot','Smith',NULL,NULL,'fNx0krkTSvQdVvcuHhXdgePli9SKUHl6FlHhj6Ac',0,NULL,NULL,0,0),(174,'Irfan','irfan.kazi@analog.com','Passw0rd','active','2010-05-26','Irfan','Kazi',NULL,NULL,'dKGgSv7f60loyy2QsjVf4UXJf7XGBbFysi7KkLgL',110,'2010-08-08',NULL,1,0),(175,'blue2010','andreas.hilgers@gmx.net','phr34k23','active','2010-06-15','Andreas','Hilgers',NULL,NULL,'86mdgTBemUAj04KRrWoTOFzHetFEfNOF1kmrv78p',67,'2010-06-15',NULL,1,0),(176,'slb9694','slb9694@yahoo.com','89maxi','active','2010-06-16','Steve','Belcher','','','W8cqQOnypWH6scEcUycWOxnjFdHS4p9DeVqBKGZX',91,'2010-12-20',NULL,1,0),(177,'Amit','amit.fap@gmail.com','vats_amit1','active','2010-06-22','Amit','Sharma',NULL,NULL,'EhEd1ewkDDXZhOSwFl7YupDKdKFjajtEntMQ0LIc',89,'2010-06-22',NULL,1,0),(178,'mifergie','mif3269@yahoo.com','jetpack1','active','2010-06-23','Ian','Ferguson',NULL,NULL,'eXyxA0KdxqRYq6ml54ZNpJBRtxZUNjmHvSiF9bK2',77,'2010-06-23',NULL,1,0),(179,'paulallies','paul.allies@gmail.com','!Bryce09','active','2010-07-02','Paul','Allies',NULL,NULL,'PP2DgGN6jM1GAm1TqCo8rdmlLZrhntr7YHOvcLRj',61,'2010-07-02',NULL,1,0),(180,'imself','im_self@gotmail.fr','21.11.1984','new','2010-07-02','imself',NULL,NULL,NULL,'3m7ZGuoGCkfaGBI6YHF1NZx7oEyMB0XVIrcvR81Y',0,NULL,NULL,0,0),(181,'danielo','daniel-oliver@sbcglobal.net','niceman22','active','2010-07-05','Daniel','Oliver',NULL,NULL,'Rh9QMs4O5HhRtMnVYWTAQUSpa6CDkHhoIBCZtSuH',63,'2010-07-05',NULL,1,0),(182,'kanchanadevim','kanchanadevim@gmail.com','Chellama@111','new','2010-07-09','kanchana','devi',NULL,NULL,'VJmcUso3bUa8gzaMDdfyONRHXGZBDpGyeTCjyb41',0,NULL,NULL,0,0),(183,'beatris1913','beatris1913@hotmail.com','91011918','new','2010-07-11','kelly','beatriz',NULL,NULL,'bRYcTmM4lxNd0iFoUGQAjVLNzSXna4TTRdSXLnan',0,NULL,NULL,0,0),(184,'rhinoproductions','rhinoproductions@me.com','4re308qv','new','2010-07-19','Robert','Ellis',NULL,NULL,'3NqIqOqTvsm9qH5XiCvh0f6bgNBcnLL1qvhNf60x',0,NULL,NULL,0,0),(185,'islandrhino','islandrhino7@gmail.com','4re308qv','new','2010-07-19','Robert','Ellis',NULL,NULL,'LX4QLrcNVJ1LUz3csdsqBzOo3K58HbAETkZXKT4i',0,NULL,NULL,0,0),(186,'islandrhino7','islandrhino1@gmail.com','4re308qv','new','2010-07-19',NULL,NULL,NULL,NULL,'pMN3mClIT9Hc81iVAvyc5tuMDyZ3QKfWKXdJ1L5y',0,NULL,NULL,0,0),(187,'po214','phil.ortiz.214@gmail.com','RzJZ^q*cCk','active','2010-07-21','Phil','Ortiz',NULL,NULL,'15WNLyrKwWGzNLi2p3PNJzNx262VYte3yWcWABTA',79,'2010-07-21',NULL,1,0),(188,'ronnieq','ronnieq@techievideos.com','default1','active','2010-07-23',NULL,NULL,NULL,NULL,'mNvhdmWI4Vy7f8o97aGWQUBmibixwpq4vEpGBvJa',346,'2010-12-08',NULL,1,0),(189,'yuex','yunus@hotmail.co.jp','123123','active','2010-07-25','yuex','lulu',NULL,NULL,'2mtKX89Ih16jseskwctOvUeuHOAna0x4wkLEcWi0',51,'2010-07-25',NULL,1,0),(190,'Kalinka','sputnikav@gmail.com','heocoi','active','2010-07-26','Thanh','Luong',NULL,NULL,'h9TOrDz5hrHdByHHmzeins3XZnYyPvjnakTOOe5I',51,'2010-07-26',NULL,1,0),(191,'bhekanani','bhekanani@gawab.com','driveme99','new','2010-07-28','bhekanani','kheswa',NULL,NULL,'UNEJObuAtfDHoQMcqP8e2nX32C7KLua437bn7roz',0,NULL,NULL,0,0),(192,'nagesh','nageshgarlapati@gmail.com','jamuna','active','2010-07-29','Nageswararao','Garlapati',NULL,NULL,'h4YTq4Fivp9PFlC4j0HyCSIwDFAGf1d2LTXZB39V',50,'2010-07-29',NULL,1,0),(193,'qqq','hacked.by.q@walla.com','qqq','active','2010-08-03',NULL,NULL,NULL,NULL,'nwam9ASVgQjhoN2Y9OAbO9Wxi35aoCX68kTDtcoI',59,'2010-08-07',NULL,1,0),(194,'sarahdeesuk','sarahsdavies@yahoo.co.uk','makehay2day','active','2010-08-05','SARAH','DAVIES',NULL,NULL,'fsId4EZ0hLT9EqN4a6OmvqqZMcVbShXS5e4GPZ9D',68,'2010-08-05',NULL,1,0),(195,'AutobotsRollOut','autobotsrollout@techievideos.com','default1','active','2010-08-05','','','Autobots, roll out!','','dg8hsZq67Ks3o0JM9fmDTZXTlSDNMaFRGKGJ1S77',199,'2010-11-06',NULL,1,0),(196,'spiritman','tremy4bill@yahoo.com','spirit','active','2010-08-06','tremendous','nnamani',NULL,NULL,'h4w8By7aFqiQRAWms8ycJlOH1BAQjpq5FwQoF5yK',65,'2010-08-06',NULL,1,0),(197,'amol85','bawanthade.amol@gmail.com','abcd1234','active','2010-08-07','Amol','B',NULL,NULL,'6YiV0gEJRbztDeNdnxh16odCHnwmXMrY79lunw5a',68,'2010-08-07',NULL,1,0),(198,'amolb','bawanthade.amol@techievideos.com','abcdef','new','2010-08-07','Amol','B',NULL,NULL,'TpWSA2bV7bZZYs6rXgzzKukPMIdhIzUNbNFbZT8K',0,NULL,NULL,0,0),(199,'jjmunns','jjmunns@techievideos.com','default1','active','2010-08-07',NULL,NULL,NULL,NULL,'8R94r4NzocnupLtPazJtbJKxRG3UzZH4jLa4cyGK',322,'2011-02-04',NULL,1,0),(200,'reggie','reggie_dalisay@yahoo.com','aniger','new','2010-08-11','reggie','dalisay',NULL,NULL,'SyaJg5I0mOc2lmj4yZzRfW9yGkzcHW4YSS85DgmV',0,NULL,NULL,0,0),(201,'tripti','tripti2501@gmail.com','26653438','active','2010-08-18','tripti','chhajer',NULL,NULL,'0cRdPnfQCoe6pVoG3S2HEgYBQ4308xhzZV5Z1wDF',47,'2010-08-18',NULL,1,0),(202,'smoothcall','smoothcalljunk@gmail.com','pokerface','active','2010-08-25',NULL,NULL,NULL,NULL,'qTQfL0scYGRg1fQEYD0Nm24gJ8LnIjXrQpknu8sy',59,'2010-08-25',NULL,1,0),(203,'anandamahala','anandamahala@gmail.com','hmz9AXgBat','new','2010-08-28','ananda','mahala',NULL,NULL,'efub7mb00g1TtGx8PRMv8HBEzhQbJn1fnYXfu7Sm',0,NULL,NULL,0,0),(204,'heresay','heresay@techievideos.com','default1','active','2010-08-29',NULL,NULL,NULL,NULL,'FpfVBRlBRvPrnamX8D8oJMPsqC7SYDlhdfLC9Lfj',171,'2011-02-07',NULL,1,0),(205,'remotebackups','soxwinyes2@yahoo.com','techie88','active','2010-08-30','Remote','Data Backup',NULL,NULL,'LlDcoGZJ7t9SPcgHew4p0dFnTZGtzPaLho1h8zGd',46,'2010-08-30',NULL,1,0),(206,'juanma2289','juanmacabrera29@hotmail.com','angel9987','active','2010-08-30','JUAN','MANUEL',NULL,NULL,'DVaKKW9hcOO59aYZbewUbGuVexHL4xpqTOtIrW18',52,'2010-09-04',NULL,1,0),(207,'miglsilva','migl_silva@sapo.pt','aabbcc123','active','2010-09-02','Miguel','Silva',NULL,NULL,'y5FKGo8d1CXlc0rmoraD2EXWtNOWGt1DuTuoxYQJ',35,'2010-09-03',NULL,1,0),(208,'ali12','mano2102@arcor.de','dupa1234','active','2010-09-03','ali','baba',NULL,NULL,'OxZBjfzsfJu9HzMOX3ODxs0Wgusj1UEUx7dowPVl',54,'2010-09-03',NULL,1,0),(209,'lmalladi','lmalladi@gmail.com','password','active','2010-09-04','Laxmikanth','Malladi',NULL,NULL,'u1pubFqNPOP4HOLmVLGSgKIZ4EoDZWuD1whTAKmE',37,'2010-09-04',NULL,1,0),(210,'yogeshsi','yogeshsi@hcl.com','hcl123','new','2010-09-06','yogesh','kumar',NULL,NULL,'WEhyhz0BsMsZs9jS7EvD4DqQ5EJvN2VoKjAKFd1x',0,NULL,NULL,0,0),(211,'Frederick','wekem2000@yahoo.com','haruwan','active','2010-09-06','Frederick','Nawurah',NULL,NULL,'36zl8yOUIJ7vuliIBbfkQjtLi1aGrfYEdedUlevP',32,'2010-09-06',NULL,1,0),(212,'grycer','jared_gryce@hotmail.com','west20','active','2010-09-07','jared','gryce',NULL,NULL,'0Vxlhg7du74aXURqD0pA2EBuAoXyHOBEy0fTB2EE',37,'2010-09-07',NULL,1,0),(213,'Pentaho','mhurtado@pentaho.com','default1','active','2010-09-08','Miguel','Hurtado',NULL,NULL,'MqlKjw81CITQbaUuJOt20yF3246UOqL636foMJ7x',158,'2011-01-24',NULL,1,0),(214,'lighttape','mike.hardcastle@lighttape.co.uk','HARD22117','active','2010-09-08','Mike','Hardcastle',NULL,NULL,'vGxtbn7DertVE9hCT25rFBwpKqRkz5epPdt09XPm',38,'2010-09-08',NULL,1,0),(215,'mallo830','mallo830@Hotmail.com','hiiam6','new','2010-09-08','abdou','touzani',NULL,NULL,'tqpiAHrem83yaFsDm3YaGAJYTIqA7hvmPPkUPZGz',0,NULL,NULL,0,0),(216,'mpwtech','rturner@mpw-inc.com','hannah22','active','2010-09-09','Roger','Turner','IT Manager looking to gain knowledge in the Windows Server 2008 area.  Small company (&lt;200 associates).','','ZTc1jI649789GqwSJ4J1Ud5mNrmQ5e8QmUN51wUK',43,'2010-09-09',NULL,1,0),(217,'olgarendon','olgaluciar3@gmail.com','abigail','banned','2010-09-09','olgarendon','rendon',NULL,NULL,'0sSCAtg59nKPvtNAPTRJ5jBYFcaMNY2KEbNtiZej',15,'2010-10-06',NULL,0,0),(218,'paulblueboxit','paul@blueboxit.co.uk','secure','active','2010-09-13','Paul','Girdlestone',NULL,NULL,'PPGi35sy94duV8ZPJxu6d4RjDu8L6ErJ89RaoSd6',38,'2010-09-13',NULL,1,0),(219,'jteel23','jteel23@hotmail.com','nemesis@23','active','2010-09-14','jeriel','teel',NULL,NULL,'JaywQ1MZZ0L2Zqw6e8ODQE3XKUjidBfpKxzufxRS',47,'2011-01-18',NULL,1,0),(220,'lbrent2','leland_brent@hotmail.com','z$USZgYCaO','new','2010-09-16','leland','brent',NULL,NULL,'tNBpvb3RQi4wgIrFuiFkNqaeLrkQXRUS5O2gCpQM',0,NULL,NULL,0,0),(221,'Thomas','Tom@TJCsTech.com','dugan23456','active','2010-09-18','Thomas','Ciotola','Popular Tech Geek/Expert on YouTube: http://www.YouTube.com/SketchTechThomas','www.TJCsTech.com','337vtFdzld2pAx4dnMGu0WF47sFY8Gy0ExrZMARH',33,'2010-09-18',NULL,1,0),(222,'TechTubeCentral','admin@techtubecentral.com','baba360','active','2010-09-18','Tech  Tube','Central','','http://www.techtubecentral.com','g1oRSPRCuM5X708n4GavjMOQ7fkNlFJv0vS4z1Dz',204,'2010-10-23',NULL,1,0),(223,'iankfs','iankfs@ymail.com','Bummer59?','active','2010-09-19','Ian','Kingsford-Smith',NULL,NULL,'dSgTtB2C9HeL0wLxJ6ybIbAWh5KPFicjXbfDpd3u',34,'2010-09-19',NULL,1,0),(224,'teachiran','alireza.aria201@gmail.com','14esfand','active','2010-09-22','Ali','Azadi',NULL,NULL,'FQq2VJmoUk0Swaor3NkR2zMWtscLRJvsTGfm6xil',25,'2010-09-26',NULL,1,0),(225,'gailcreations','gailcreations@hotmail.com','theoldmanisdead','active','2010-09-22','Gail','Whalen',NULL,NULL,'RMVsIMEdtFW16Ai4h4iNmsm8dSPDceZRKzq4t4GG',19,'2010-09-22',NULL,1,0),(226,'rhornie','rickisit@gmail.com','bonie','active','2010-09-24','Rick','Horn',NULL,NULL,'H6uHFg8SWTCFDAAClFL906yZMiiQwZCT4JcwT7Rs',27,'2010-09-24',NULL,1,0),(227,'chavabr','ing-sbr@hotmail.com','POXMED17','active','2010-09-27','SBR',NULL,NULL,NULL,'ffyZ0yPoCkwyq4aye5Fv8tOEOMnLQbu3Y9ewAhMq',28,'2010-09-27',NULL,1,0),(228,'xx4all','lehari7@yahoo.com','tsunami','active','2010-09-29','Lehari','Bodana',NULL,NULL,'NOnmDU2Sa6l8GcP3oJ2SvC2ngIZB6wkAtejMmAw3',31,'2010-09-29',NULL,1,0),(229,'dollo1989','anthony.dalton1@yahoo.co.uk','larry1','active','2010-09-29','Anthony','Dalton',NULL,NULL,'GSjYDRqUucMs2jbFy0ZnzhX2qTZ8PixXUtRGc7TA',26,'2010-09-29',NULL,1,0),(230,'vse','donadams.adams@gmail.com','videoman','active','2010-09-30',NULL,NULL,NULL,NULL,'CCM3eHBk4iioRLjgX75piwUaKuB5slqM7rHHdD5i',31,'2010-10-02',NULL,1,0),(231,'rajeshrose2009','rajesh.neera2006@gmail.com','harsh2006','active','2010-10-02','rajesh','patel',NULL,NULL,'GThauuTMwiMbBO7OtOaNvNCJZOdfrwjcvlNNMPKj',22,'2010-10-02',NULL,1,0),(232,'startgroup','techievideos.com@startgroup.org','million','active','2010-10-03',NULL,NULL,NULL,NULL,'hcDE1JL6c25QNqZy5SoFZj1hpSHrcm7Hw0j2q5PA',27,'2010-10-05',NULL,1,0),(233,'KourtnieJoi','KourtnieJoi@aol.com','kjs8343','active','2010-10-05','Kourtnie','Sanders','A web designer with a mission!','www.netdesignsusa.com','uIRrzn3EW20Bd0jcH9tK4sgxqChyYdB5VfMdnLY5',21,'2010-10-05',NULL,1,0),(234,'viper5646','charliepapa229@hotmail.com','Tec5646','active','2010-10-05','','','','www.JRLifeChange.com','91AQ0veaCBtccjCnBUSV2yFbrluO9zRIx5sRIBIY',14,'2010-10-10',NULL,1,0),(235,'JRMatrix','kms-2020@homail.com','Tec5646','new','2010-10-05',NULL,NULL,NULL,NULL,'emF05sLMhfVLzcXl6t08dIBTdKJlG1M9SiQsH3y7',0,NULL,NULL,0,0),(236,'sam','sbelmonte@santtia.com','Sb12345','active','2010-10-11','sam','belm',NULL,NULL,'Xdis7aamocPphsUkj0ZbDDWqY75NPumZkOdwAoys',10,'2010-10-11',NULL,1,0),(237,'skygirl92806','suzanne@skygirl.us','solaris1','active','2010-10-11','Suzanne','Gallagher',NULL,NULL,'DAlVJuP0XFeSmQURy3Jb8WeeyK8QZhReqnqEpXnL',12,'2010-10-11',NULL,1,0),(238,'segot','segot1@gmail.com','segottechie','active','2010-10-13','Neal','Carlton',NULL,NULL,'8iODPanllZTuJdlSAPPTGqdC1IrNq6HykODiLzFl',12,'2010-10-13',NULL,1,0),(239,'BlowJoe','gameslin@web.de','leichter','active','2010-10-13','Blow','Joe',NULL,NULL,'A9oUh72PMeYTqEcXQKVnSPCAXV5CZr1BQAJb0CtF',32,'2010-10-15',NULL,1,0),(240,'mmeira','michaelmeira@hotmail.com','mm753159','active','2010-10-14','michael','meira',NULL,NULL,'lXtdSWsm7jSbudwkdENrjbY5JeiobmtpUB75BbEk',35,'2010-10-14',NULL,1,0),(241,'jpmarat296','jpmarat296@gmail.com','pebo9B','new','2010-10-20','JP','Marat',NULL,NULL,'XlRkZgOMiv5KoeRSwByt0WMf5Nex6jsQyZfSzL2L',0,NULL,NULL,0,0),(242,'jarcea01','jarcea01@hotmail.es','nada0102','active','2010-10-24','jefferson','arce',NULL,NULL,'aYrlH98YWgZLWYRgoEw6FnMEVUm3dCFQAlh46fAh',12,'2010-10-25',NULL,1,0),(243,'gkdhas','g_kalidhas_2005@yahoo.co.in','kavimani','active','2010-10-25','Kalidass','G',NULL,NULL,'q83QCXjHkuE1ngn3itmWLsQ5xE0C23Myp7z86tvU',19,'2010-10-25',NULL,1,0),(244,'prakashgohel007','maximus.bond007@gmail.com','prakash@107','active','2010-10-31','prakash','gohel',NULL,NULL,'9sApZRGn0GaWHTZG3lufef1ydkpLLyymnLnXPBbP',13,'2010-10-31',NULL,1,0),(245,'charly','capauno@gmail.com','pass.word$%','active','2010-11-04','charly','gomez',NULL,NULL,'d9m7ZqpzXxUjh5uFDvvhwBKtVjSPXGG7e6e0GfWm',18,'2010-11-04',NULL,1,0),(246,'gnom3r','gnom3r@techievideos.com','default1','active','2010-11-05',NULL,NULL,NULL,NULL,'FZ3WeHDBYyoZB6BbsMujHO9gFR4Up9r3GJKZKLVK',160,'2011-01-31',NULL,1,0),(247,'Bronney','bronney_rosas@yahoo.com','081710','new','2010-11-09','Bronney','Rosas',NULL,NULL,'6moHMMs8WRFsiGBGquwP8P2nhRKlKBPc8jQK0emt',0,NULL,NULL,0,0),(248,'akranm','akranm@gmail.com','mylife','active','2010-11-09','Mauton','Akran',NULL,NULL,'yw0OPEzeHGZgyuAqPU7wJbXzsrrlmgWxV1OCVzYl',27,'2010-11-10',NULL,1,0),(249,'cpeery','charlie_peery@yahoo.com','peanut1278','new','2010-11-18','Charles','Peery',NULL,NULL,'bbykyFWg3jyjt3W7uGGDySof6ZXB3Mek482DeIrQ',0,NULL,NULL,0,0),(250,'richardenvy','richardenvy@yahoo.com','surfer68','active','2010-11-18','richard','envy',NULL,NULL,'V0xndHH6vkXnzp9y8N8DcRD4PSsrNXWwqWx9yR28',9,'2010-11-18',NULL,1,0),(251,'sumendar','sumendar@gmail.com','nikitha143','active','2010-11-20','sumendar','karupakala',NULL,NULL,'Uzq0XsDyzLknOrIJCXVxhs6BzSjSMB3vqkFSRd5F',20,'2010-11-20',NULL,1,0),(252,'JosifovicD','Josifovicd@sbb.rs','bikkojisedi','active','2010-11-21','Dusan Josifovic','Josifovic','','','9ZD6IxyR9T3kxKkejtHHpohE2gctcVqyEgCiajun',14,'2010-11-21',NULL,1,0),(253,'bado','r.goolab@parkcom.co.uk','bado1965','active','2010-11-22','Raj','Goolab',NULL,NULL,'tuGZqB3LYNNONZK7JiEiV6yTH6RQsQelh1Alo0Nq',12,'2010-11-22',NULL,1,0),(254,'AnimeVost','agd243@gmail.com','tamtam243','active','2010-11-23','Gino','Uzumaki',NULL,NULL,'pI2v5oibxKCnxwdkG1fkbBAbnn6gKtY5hNK4LT3c',16,'2010-11-23',NULL,1,0),(255,'sudhir05','sudhir05@gmail.com','sipra03','active','2010-11-23','sudhir','patel',NULL,NULL,'kDM7p5wPqlNFkPJdP9sa0nVp7RdMr4hdFA3oesYM',12,'2010-11-23',NULL,1,0),(256,'mohdleader','mohdleader@gmail.com','deja0052','active','2010-11-24','Mohammed','Osama','','http://www.mohdleader.tk','u8FlmqX0mMrJf0ffMPPTcbp6sTJydf1MlhwBXnht',14,'2010-11-24',NULL,1,0),(257,'senso','tobi.senso7@gmail.com','080662ts','active','2010-11-25','tobi','senso',NULL,NULL,'PBn6i5gRNyhdXEEHc5s0Ck4Rleh0lbxA3rRBPrJa',25,'2010-11-25',NULL,1,0),(258,'jasonwupilly','jasonwu1997@jasonwupilly.com','200230887','active','2010-12-01','Jason','Wu','','www.jasonwupilly.com','3doMo5xWdUBZYBAaOkuKSbj5wojrlWE8GRh6K8dZ',86,'2011-02-02',NULL,1,0),(259,'ez2dv8','sullivan@nocmail.net','k2555090','active','2010-12-02','Paul','Sullivan',NULL,NULL,'iiePgFQGo5pNFpcRRwRZrHLn7zOUeab00aRIK7Gg',9,'2010-12-02',NULL,1,0),(260,'ashokhonda','ashok.cbe1@gmail.com','wipro123','active','2010-12-03','Ashok','kumar',NULL,NULL,'ZzNaV8FRvTwOVf8dkgj2rBxR4gWndZljsJmSKw1x',13,'2010-12-03',NULL,1,0),(261,'johnlester83','john_peters_lester@yahoo.com','ranera','active','2010-12-06','John','Lester',NULL,NULL,'DEUk0IUIoTP3OsCBZk8qJZC7ykzNanpJlPYT5Y67',9,'2010-12-06',NULL,1,0),(262,'hal','haldaneluscombe@hotmail.com','05369122212','active','2010-12-06','hal','luscombe',NULL,NULL,'u9FuowbCQCWbAmP1UUzrxOYk1BuQfaB4kPlBBkxh',11,'2010-12-06',NULL,1,0),(263,'john','john@sarah-barrett.co.uk','nia250303','new','2010-12-06',NULL,NULL,NULL,NULL,'kOQvWjGKbVXRGgGgz4WTqRz86JOUtkePh1FyXm7N',0,NULL,NULL,0,0),(264,'slavas','slavas41@yahoo.co.uk','westkirby1','active','2010-12-06','Svetoslav','Sergeev','Retired shipping professional developing my Internet marketing business from home','http://www.healthandfitnessvid.com','u09tGnv5230kwQFXiCkFWFuQfaweGfk8PBun4gu8',10,'2010-12-06',NULL,1,0),(265,'adarshbe','adarshbe@gmail.com','10191019','active','2010-12-07','ADARSH','C',NULL,NULL,'x2kUzj5YQPEY6R6UhgFcoVC2intqm8shmMbu7XeH',10,'2010-12-07',NULL,1,0),(266,'HTMLCampus','miguel@mahurtado.com','Damian646','active','2010-12-07',NULL,NULL,NULL,NULL,'TL0lXlEk45Viw0pNoa0gXTZYV1Ab90pXyXuSWwh9',83,'2010-12-16',NULL,1,0),(267,'Ninad','umateninad@gmail.com','ninadumate','active','2010-12-07','Ninad','Umate',NULL,NULL,'AFsW6RsZ8Q9KcSB553r0IyNXSKESLJO2hRtKsKQe',27,'2010-12-07',NULL,1,0),(268,'yar','yar_iyua@yahoo.co.uk','kidane','new','2010-12-13','yar','hte',NULL,NULL,'fnToAe6nLwHWKkPdikjEwFgv3UuiDnmVOw0xhTPV',0,NULL,NULL,0,0),(269,'quadLineX','quadLineX@techievideos.com','default1','active','2010-12-14',NULL,NULL,NULL,NULL,'PfXN974nI4ofWOpmpdGUdVDbnjbDD96lB1bxrMH1',44,'2010-12-14',NULL,1,0),(270,'yacoub','buyer@alkharass.com','maha','active','2010-12-14','Yacoub','Alkharass',NULL,NULL,'GhpC5c3pvj7YvenxrQ24BiblZozo4mkImCim8UYb',23,'2010-12-14',NULL,1,0),(271,'keifer76','stephandkeithbrockman@gmail.com','Stephan1e','active','2010-12-15','stephanie','brockman',NULL,NULL,'DZovxYFo4IyFaxVrErtEbYBkKJLe0BGqg9HJKCfs',25,'2010-12-15',NULL,1,0),(272,'davidddd','info@realt.cz','000007','active','2010-12-15','David','Zastera',NULL,NULL,'g0isJh8dXxbQh1wMvulC2H417VwGthvmpIGHVimB',24,'2010-12-15',NULL,1,0),(273,'CatalinaPure','catalinapure@yahoo.com','jahway','active','2010-12-16',NULL,NULL,NULL,NULL,'f2Lgm73GZAnsOFhY0tMtkr2ThTOGqQyz0f4nekBW',24,'2010-12-16',NULL,1,0),(274,'doom3421','reg@jardakasparek.com','lopata3421','active','2010-12-16','Jaroslav','Kasparek',NULL,NULL,'MImBrB3OCkCMSDT7AbldUsooOALzTnBDouD4ZIrT',60,'2010-12-16',NULL,1,0),(275,'superunite','SuperUNITE@GMail.com','love2000','active','2010-12-18','AL','Li',NULL,NULL,'1DngHvxM2ngLXqslBfi6wfacb9VyEVkrCyuMagi2',25,'2010-12-18',NULL,1,0),(276,'murugan','muruganarasu.grow@gmail.com','murugan569','active','2010-12-18','srinivasan','subramanian','interested in ubuntu linux, love to develop free software, and materialize it through out world.','','4Mh3JNTPU6bl3NSZgnTQDzupI3g9MUfzT9cIFYA4',27,'2010-12-18',NULL,1,0),(277,'arasan','muruganarasu@yahoo.co.in','arasan569','new','2010-12-18','murugan','arasan',NULL,NULL,'GIwFq3i3kKrZaisaZzTXvet0GXBdQb6kiBFpso20',0,NULL,NULL,0,0),(278,'Ivan555','piishenivan@yahoo.com','96206303','new','2010-12-20','piishen','ivan',NULL,NULL,'MNIPws1V3AkEWNgvT5MvO7KFkiNIVz8euLD5Xk0D',0,NULL,NULL,0,0),(279,'ivan55','david_orgil@yahoo.com','96206303','active','2010-12-20','orgil','orgil',NULL,NULL,'NiDmPuSkRQzY6QcHrdNNz64R77G3ttVFHI2zQKRF',17,'2010-12-20',NULL,1,0),(280,'Aloysius','aloysius@techievideos.com','default1','active','2010-12-21',NULL,NULL,NULL,NULL,'LQcYMtMJ4O4ElN7rQoOvnXBRrmtHUwLgFeogEliy',35,'2011-01-06',NULL,1,0),(281,'maheswara','maheswara1364@gmail.com','maheswara','active','2010-12-22','maheswara','kanala',NULL,NULL,'HRZTA9MZBVRjuPxfrI2pk6xPcycQvvxfKYvIdYfN',26,'2010-12-23',NULL,1,0),(282,'wmilton','wmilton@technewsglobal.com','Lisa0987','new','2010-12-27','Warren','Milton',NULL,NULL,'4HQIyOYsvwjBwfJOGby1wNMNdt3jh8bMewg3whkS',0,NULL,NULL,0,0),(283,'rejiraju007','rejiraju007@gmail.com','36655351','active','2010-12-29','Reji','Raju',NULL,NULL,'bBAVyvnbNJfW01EN0dX1PNGChu4WEozXNGYEUn4U',25,'2010-12-31',NULL,1,0),(284,'papalew22','papalew59@ymail.com','lewpap22','active','2011-01-01','Adrian','Lewis',NULL,NULL,'9PxQt6evAbxV9wBKFQR1QqqYPOCNvZfSbgeTAPX0',17,'2011-01-01',NULL,1,0),(285,'webadmin','webadmin99@gmail.com','yami1967','new','2011-01-02','tim','marrow',NULL,NULL,'jcyIkuHzJfsnwXcATVOD8yi0jZQIOYrgK6VXBUUv',0,NULL,NULL,0,0),(286,'dhinvin','rddhina@yahoo.co.in','indianda','active','2011-01-04','dhina','karan',NULL,NULL,'nOUF8Oiaux6yTzVg8PnGa7WT6VUlX6vFbC3XEFib',27,'2011-01-04',NULL,1,0),(287,'lissasverdlova','lisasverdlova@gmail.com','UfPCoGs994','new','2011-01-05','lissasverdlova','lissasverdlova',NULL,NULL,'OGqUegmuaauXt7XjBdNYkOnE66HkR3g7mcjGAUb7',0,NULL,NULL,0,0),(288,'muruganarasu','muruganarasu369@gmail.com','muruganarasu369','new','2011-01-06','murugan','arasu',NULL,NULL,'zLGDpEt0yBKAk07yoQDKx2iW1glbk8IMUSRnjybv',0,NULL,NULL,0,0),(289,'kattallia','kings@knigi.us','PxFKQOX383','new','2011-01-06','kattallia','kattallia',NULL,NULL,'F9Fo1c2w1Buf7T4HZRGzMoDGLKPVUvYQA5hAsAJC',0,NULL,NULL,0,0),(290,'sdtowerguy','wil.leysm.art@gmail.com','helpforme','new','2011-01-07','sdtowerguy','sdtowerguy',NULL,NULL,'JlT1LfgR4mFsZid53zxKlncQuEaxM9ffQLCRLiLj',0,NULL,NULL,0,0),(291,'diamondguy','sm.ileytok@gmail.com','specialcase1','new','2011-01-07','diamondguy','diamondguy',NULL,NULL,'bNgw41eexKvzScis47SLOzb13M6aaYmMJAtN3drr',0,NULL,NULL,0,0),(292,'sandiegoplumber','ronray2.01@gmail.com','spellcheck1','new','2011-01-07','sandiegoplumber','sandiegoplumber',NULL,NULL,'8nihfigKEG2xXPGuUJ0zh0EMe6VAhmnN2UHXva6s',0,NULL,NULL,0,0),(293,'kSimon','simonahmed53@gmail.com','O1xtdNV864','new','2011-01-08','kSimon','kSimon',NULL,NULL,'SDTIGJae7KvGROi22mBwJXEiiKxutamYIGz2WbzN',0,NULL,NULL,0,0),(294,'LiveZeuswm','zeuslive3@mail.ru','uW1s17y784','new','2011-01-08','LiveZeuswm','LiveZeuswm',NULL,NULL,'JOjOoDCPoV65oT1C9vOaWSfr7ojCjOa2vnLwzqWj',0,NULL,NULL,0,0),(295,'freersarp','franciscadk6766@aol.com','f8j0ap3288','new','2011-01-09','freersarp','freersarp',NULL,NULL,'OQQxhEpnqiKj6ABTnoCHN794Tmd3u5VXIDAuuPHm',0,NULL,NULL,0,0),(296,'mohdsuhairi','mohdsuhairi@gmail.com','wed151202','active','2011-01-10','Mohd Suhairi','Ahmad Soobni',NULL,NULL,'WfOkcEK7TUFtndWYjCcnyb4bv3sOaisnb4uBAhTO',12,'2011-01-10',NULL,1,0),(297,'instani','instani.com@gmail.com','NitGen32','active','2011-01-10','Mark','Coe',NULL,NULL,'Uoa489uqcjuTIRoJtUOXE6rgKVFe4EnQuBvjhtCc',13,'2011-01-10',NULL,1,0),(298,'hincnelia','ikodavo@gmail.com','4faTnwJ825','new','2011-01-10','hincnelia','hincnelia',NULL,NULL,'2Bl1Cq9ZNx56lC7hE4WALQ73FjKigf4Dzg0loovD',0,NULL,NULL,0,0),(299,'OccalaSquarry','gonzalologa.n.8@gmail.com','Nn2qEJy914','new','2011-01-10','OccalaSquarry','OccalaSquarry',NULL,NULL,'IjUnAV7l2ijODjZu7gQ2bmOO87AZgKp1WAGZev8E',0,NULL,NULL,0,0),(300,'rjsolomon','rjsolom@verizon.net','5201inlet','active','2011-01-10','ron','solomon',NULL,NULL,'5vsMGk0TJdx1qbwu2wxWlbaIHgO34ULarMYX6Id8',21,'2011-01-10',NULL,1,0),(301,'Honybrobe','asdekns3@zlocorp.com','YP6t2Fm548','new','2011-01-10','Honybrobe','Honybrobe',NULL,NULL,'YhNjznaAihACQphld3UYwgBwYwqlJKZPd1PyRdFU',0,NULL,NULL,0,0),(302,'injurylaw','li.zsmartly@gmail.com','smartfast','new','2011-01-11','injurylaw','injurylaw',NULL,NULL,'5IoYTfZYmGIwmhCqEWGjGuJfap2p6EeQhwA70XFO',0,NULL,NULL,0,0),(303,'wholesalesurf','li.zsmartl.y@gmail.com','smartboys','new','2011-01-12','wholesalesurf','wholesalesurf',NULL,NULL,'mMqVw96sQNH8SNzY09pH3aYVvsc0s4kJijHMYXXU',0,NULL,NULL,0,0),(304,'kimster58','kimster58@gmail.com','goodguy','active','2011-01-12','Sung Hyun','Kim',NULL,NULL,'DzLqAWQLxIdTd5NHVullQH91GFmX8xgtJW1vcHTd',7,'2011-01-17',NULL,1,0),(305,'jpz','playa4607@hotmail.com','Rd8~j6fcnY','active','2011-01-12','jpz','jpz','smfjlidfho dfvbjk dsbvkgbvcikF','www.alterheggo.com','3nnNGr4o9ZSaK5Nnh1T6ZcsRFIDo27kcgXN5Mis8',32,'2011-01-14',NULL,1,0),(306,'07NCcris','r.ito.c.h.k.austih.om.irov.n.a.1.9.85@gmail.com','aRJ1bFcY','new','2011-01-13','07NCcris','07NCcris',NULL,NULL,'uJwYzcsz1LZ4OK4nwKZcOfgRiGn0MlizbTbgL3RR',0,NULL,NULL,0,0),(307,'tauppavaisk','denysedooganhamh@hotmail.com','DL34Np9732','new','2011-01-16','tauppavaisk','tauppavaisk',NULL,NULL,'D0DOYdCYiLtVnR63bxMlctwebdzjYsk5bANjvNjf',0,NULL,NULL,0,0),(308,'wowgold','mkky036@gmail.com','CV4Ogaz237','new','2011-01-16','wowgold','wowgold',NULL,NULL,'dkQjhxsjxYKL9obEVvb69gL4gEJvH4VG7elXu8U6',0,NULL,NULL,0,0),(309,'Arescepsy','mcsauledmwluq@gmail.com','IrRemOV635','new','2011-01-16','Arescepsy','Arescepsy',NULL,NULL,'zeYcoofH495dLhHzxP0N0hVlg66sHTyw7NmbI0DW',0,NULL,NULL,0,0),(310,'glowingtube','glowingtube@gmail.com','rasta4','active','2011-01-16','dumbastard','hero',NULL,NULL,'jn32SjeauD8Fhml52KKRkE781RBwNeKU0MFvD9FQ',8,'2011-01-16',NULL,1,0),(311,'Lumpkine','lumpkine@kismail.com','3UkEgny17','new','2011-01-17','Lumpkine','Lumpkine',NULL,NULL,'ESk8u5UWqnHjYJyywdArOUXoy7sAo9pHU8axhdsh',0,NULL,NULL,0,0),(312,'sathish123321','sathish.syz@gmail.com','123321','active','2011-01-17',NULL,NULL,NULL,NULL,'iAWq24JkDPOXPo5kxXWW6yL4FDKkHZlMF9qYjmGm',8,'2011-01-17',NULL,1,0),(313,'Eion','eionmorgan2010@gmail.com','eion2010','active','2011-01-18','Eion','Morgan',NULL,NULL,'Rq1KZj9WU6s3lVOLTBnKcuyGV9RuMnBTlEhLSDSl',10,'2011-01-19',NULL,1,0),(314,'Jealpague','abdulahjantah@gmail.com','L82TFE8363','new','2011-01-18','Jealpague','Jealpague',NULL,NULL,'HviZlYndisW4bqecZLwSkTcGFPvHYOK96G4eEWxt',0,NULL,NULL,0,0),(315,'jokenkil','harlessco@k12.spsd.net','videoki11s','active','2011-01-18','collin','harless',NULL,NULL,'tSDNsb7YbDiDm1DJHguejFIEDhxI2JekHLxUVYmr',29,'2011-01-18',NULL,1,0),(316,'GaillaHoozy','SuewSpeagma@seoservers.info','XtYQvm7497','new','2011-01-18','GaillaHoozy','GaillaHoozy',NULL,NULL,'800YvuzG0kzytixR8TMr7BeUQhjnkA73OlkEgiAD',0,NULL,NULL,0,0),(317,'Glymmemecig','jukenifopinp.t@gmail.com','wizC4CJ361','new','2011-01-19','Glymmemecig','Glymmemecig',NULL,NULL,'aw0ScIN46aDdKMMo3Tfby70i8fAbMne8BpOgyFGt',0,NULL,NULL,0,0),(318,'jimbo','sullivans2@gmail.com','jimbo','active','2011-01-20',NULL,NULL,NULL,NULL,'mVa8KDOWYC2norPuyPqneVxVVLm9MGf5bZMedty2',10,'2011-01-20',NULL,1,0),(319,'ingelejen','gofwezi@gmail.com','37yuxsaw','new','2011-01-20','ingelejen','ingelejen',NULL,NULL,'CD8yYPx1sFOvnxIS7gSNS3OekQRUHEK9XpSE0icX',0,NULL,NULL,0,0),(320,'imaminicy','roman.kimm@gmail.com','sHY0uqY745','new','2011-01-20','imaminicy','imaminicy',NULL,NULL,'u2eaSgTufIywdIU9aqG2HAKR2c2JkBzChNYFiD4b',0,NULL,NULL,0,0),(321,'draydukes','draydukes@gmail.com','6%fwyzgR2@','new','2011-01-21','donald','dukes',NULL,NULL,'aCxXZKT0MNFdWU3u1U9smO2toK9XVyKdIZSPW0np',0,NULL,NULL,0,0),(322,'06GDthi','ri.t.ochk.a.ho.u.se.shop.se.xy.1971@gmail.com','M4JAb5DY','new','2011-01-21','06GDthi','06GDthi',NULL,NULL,'vXig1PI9kOny7IMSgp9J9Sjs8KO5dTKkaOHS4vKw',0,NULL,NULL,0,0),(323,'vbarrera','vbarrera@gmail.com','tigger00','active','2011-01-22','Vladimir','Barrera',NULL,NULL,'rKtUMY1xZGVu7fj7c3QnhQEBVqFqSMVkbGwWj2BM',3,'2011-01-22',NULL,1,0),(324,'omizebeve','donald_howardh208121@yahoo.com','S9ZgqEG658','new','2011-01-22','omizebeve','omizebeve',NULL,NULL,'2PoGA4slPvcUcbJR2AEJGy4gT4iDSuZEOQYbPNgM',0,NULL,NULL,0,0),(325,'owen','o.c.r56@hotmail.com','Bulldogs12','new','2011-01-22','ruben','owen',NULL,NULL,'jyORW1I0atWsu5aKzYfllXcXJB9NxFt3jPyLb7v8',0,NULL,NULL,0,0),(326,'Gydranidads','desmondmorbe.z@gmail.com','8ULzV6U184','new','2011-01-23','Gydranidads','Gydranidads',NULL,NULL,'5rNSeRlNzjDNVZO4xlENPI9SOvWoAeY230tVTwWi',0,NULL,NULL,0,0),(327,'adityauh','adityauh@rediffmail.com','lifeisbeautiful','active','2011-01-24','uday','halankar',NULL,NULL,'By3aV4sJvVpUx6gQigHeetesUU2aHrXMf9noLrwq',18,'2011-01-25',NULL,1,0),(328,'RitorMaliks','ritormaliks@gmail.com','nLrbiBm874','new','2011-01-25','RitorMaliks','RitorMaliks',NULL,NULL,'qb2yNqnOU9pkSHhJzl2umNxjnnVMCwcVjUuJkGoi',0,NULL,NULL,0,0),(329,'Plubmemielorb15','hiaso69@aol.com','6lUpTbe845','new','2011-01-26','Plubmemielorb15','Plubmemielorb15',NULL,NULL,'G7EVXU7pbiiN7k5a5akFPKOrDVlXc2L8mSRKM7wV',0,NULL,NULL,0,0),(330,'Rahilq','rahil@fatburning.biz','9Xvri5f639','new','2011-01-27','Rahilq','Rahilq',NULL,NULL,'Z5QwujkJlDIyfmxvuB6HSejfIhXC6ppCoHa7jBoA',0,NULL,NULL,0,0),(331,'annodsdaype','dupablada@mail.ru','uAZORKJ447','new','2011-01-28','annodsdaype','annodsdaype',NULL,NULL,'OZwHsN5qbs9TQbm5PNIKlKHWBW2mruxjF3VHVEZW',0,NULL,NULL,0,0),(332,'chrissw99','chirsw99@techievideos.com','default1','active','2011-01-28',NULL,NULL,NULL,NULL,'x20Hxce6kFjofGC9q3agzxkC9rdkUKhY8Cek8CrF',29,'2011-01-28',NULL,1,0),(333,'soaliImmals','tbchrisdog3@gmail.com','kKPzTIv375','new','2011-01-28','soaliImmals','soaliImmals',NULL,NULL,'Ul5xit2qNTBjvAGyrTaelTkr2bAc12ttvmrV7Uhh',0,NULL,NULL,0,0),(334,'franckyv','creation4u.web@gmail.com','QrWuEgu684','new','2011-01-29','franckyv','franckyv',NULL,NULL,'jcQHtkD7kCdgRCCMnLt54GgwiWHkhtMaX4B024ZP',0,NULL,NULL,0,0),(335,'elcajongirls','renold.s674@gmail.com','superduper','new','2011-01-29','elcajongirls','elcajongirls',NULL,NULL,'QsKxRglvspWUXCp2Ja13QdtbGEqYnJ7NhohYXA3b',0,NULL,NULL,0,0),(336,'HAlifdniae','margiey657583@yahoo.co.uk','7uGd5HIp2J','new','2011-02-01','HAlifdniae','HAlifdniae',NULL,NULL,'BRKRGbIoMCkkcOr5UWUoi3ya65vCTE3CT2UIn7jk',0,NULL,NULL,0,0),(337,'eyelashes','eyelashesforyou@gmail.com','helpmefind','new','2011-02-01','eyelashes','eyelashes',NULL,NULL,'OtjT77EH3sCU91SLTGNrPH0r1bMGF61Lf4PshgDg',0,NULL,NULL,0,0),(338,'sdremodeling','bas.ketw.eav.er909@gmail.com','smarkton1','new','2011-02-01','sdremodeling','sdremodeling',NULL,NULL,'bw8RlnGU3x4vAlh6Q8BA5ZRnruEhSXWM7lFac0Dm',0,NULL,NULL,0,0),(339,'SOMSEPIREAPLE','999huy888@gmail.com','Klv5P9l348','new','2011-02-01','SOMSEPIREAPLE','SOMSEPIREAPLE',NULL,NULL,'SZmN23ftQx4HUqjw0BEEYTPQKwqhCMI6LLEDWKc5',0,NULL,NULL,0,0),(340,'Pebabakes','pebabakes@xipmail.com','D7Iqw2432','new','2011-02-02','Pebabakes','Pebabakes',NULL,NULL,'4X8B8wmkcmteKrrRLfSWxaUI9B9Z0WxqE4eV0WB9',0,NULL,NULL,0,0),(341,'mowarourb','hwrbw.kt.einrr@gmail.com','BailePloboxia','new','2011-02-02','mowarourb','mowarourb',NULL,NULL,'PVM8RDgmCK9us5716hLwucM2e8IshnQnzRcHdvhH',0,NULL,NULL,0,0),(342,'Appachvah','andrmkr2011@gmail.com','s4GQw8c828','new','2011-02-03','Appachvah','Appachvah',NULL,NULL,'v1F4cUqBmKLZ3yiZ3DcyI3l7jcvWYlUnKDqFn7AU',0,NULL,NULL,0,0),(343,'LukaMuller','lukamuller@gawab.com','JkZ1FNt582','new','2011-02-04','LukaMuller','LukaMuller',NULL,NULL,'W8kO9z4gKjpzpUkbatZTEvfV4RwkEyrRYctX2xO9',0,NULL,NULL,0,0),(344,'Erelpi','sergiophilips@aol.com','H43A8hjf7gk','new','2011-02-04','Erelpi','Erelpi',NULL,NULL,'7zsBYBe1Z7wavKgoTZuSZViEYuK3oPkx9zrrQ9CG',0,NULL,NULL,0,0),(345,'eole1177','eole117@videotron.ca','5025oo','active','2011-02-04','leo','fortin',NULL,NULL,'6f0miiRyxp53MsKYrkvwBU9iENa6JwtwkNnyzEwu',7,'2011-02-04',NULL,1,0),(346,'Ontonaroord','iulusbondlcir@gmail.com','n70YHJs838','new','2011-02-05','Ontonaroord','Ontonaroord',NULL,NULL,'cVhLs2D0FrC1hMvxNM6mVo6gMReA1nF9kg44B01s',0,NULL,NULL,0,0),(347,'Cenimmisy','nowyrumer@o2.pl','mulzuf7853','new','2011-02-05','Cenimmisy','Cenimmisy',NULL,NULL,'nu9WXzzIRV4bFTley1qV1o7tPCrxr1li1E7warse',0,NULL,NULL,0,0),(348,'thebestins','re.nolds6.74@gmail.com','superduper','new','2011-02-05','thebestins','thebestins',NULL,NULL,'VfXJA60izLvks73K8qpEYBQ6lRml4NkFOSSlRPRo',0,NULL,NULL,0,0),(349,'demo','fax@fatevibelli.it','giardi6net','banned','2011-02-06','jukas','Giardina',NULL,NULL,'IsmIsoMzHsBYfsiLBwuD6eeVdnrARH7WSkPJSFSX',0,'2011-02-06',NULL,0,0),(350,'eyelashgirl','eyelas.hesforyou@gmail.com','helpmefind','new','2011-02-06','eyelashgirl','eyelashgirl',NULL,NULL,'uWbAbquH6FTta9gUVZGzGHuTNwQ3EDGyWCTvRi4P',0,NULL,NULL,0,0),(351,'armbennett','armbennett@mac.com','Fr1end509','active','2011-02-06','Alexander','Bennett',NULL,NULL,'jgtZm73rCe0nmBs3RjaGhERARI6ZBJpQWk8QJSFC',3,'2011-02-06',NULL,1,0),(352,'Tommix30','tommix3@aol.com','totommix','active','2011-02-06','Thomas','Bucco',NULL,NULL,'4UPR5b114y0WL7cBWGloux7e99TJi6KHuCEor1mz',6,'2011-02-06',NULL,1,0),(353,'infabeare','v.i.n.o.dh.arg.rji.l@gmail.com','gVKnoU4496','new','2011-02-06','infabeare','infabeare',NULL,NULL,'S3mSawIewtXKE7LUKu9JcyB6BWst5tJFvQBnCEGm',0,NULL,NULL,0,0),(354,'Idelfmofe','analana1966@tlen.pl','5KCqlhC592','new','2011-02-08','Idelfmofe','Idelfmofe',NULL,NULL,'eCxe4MOv2C80MoXyw2OFy5JPLvLfeIFLJAoUFunh',0,NULL,NULL,0,0),(355,'blexedego','webadmin@cosyddhac.org','Meplielared','new','2011-02-08','blexedego','blexedego',NULL,NULL,'Kt3nuLjZkWeWIC1AzplZI9UogQDTiWhAtPz01YUC',0,NULL,NULL,0,0),(356,'norkLonna','ivan89ii@mail15.com','gP650XS441','active','2011-02-08','norkLonna','norkLonna',NULL,NULL,'6pvyL9opR0u2Lcqdq9JiiWvDZLQCnVw4UVciVWuu',0,NULL,NULL,1,0),(357,'anonymousrating','anonymousrating@techievideos.com','default','active','2011-02-09',NULL,NULL,NULL,NULL,'KWt8ERxVAeLgtvVG98OZcAN83pql3MRkzd9DHttO',0,'2011-02-09',NULL,1,1);

/*Table structure for table `videos` */

DROP TABLE IF EXISTS `videos`;

CREATE TABLE `videos` (
  `video_id` bigint(20) NOT NULL AUTO_INCREMENT,
  `filename` varchar(255) NOT NULL,
  `user_id` bigint(20) NOT NULL,
  `cat_id` bigint(20) NOT NULL,
  `title` text NOT NULL,
  `description` text NOT NULL,
  `tags` text NOT NULL,
  `date_created` datetime NOT NULL,
  `duration` varchar(255) DEFAULT NULL,
  `status` varchar(255) NOT NULL,
  `views` bigint(20) NOT NULL DEFAULT '0',
  `featured` tinyint(1) NOT NULL DEFAULT '0',
  `original_extension` varchar(255) DEFAULT NULL,
  `job_id` bigint(20) DEFAULT NULL,
  `released` tinyint(1) NOT NULL DEFAULT '0',
  PRIMARY KEY (`video_id`),
  KEY `user_id` (`user_id`),
  FULLTEXT KEY `title_description_tags` (`title`,`description`,`tags`)
) ENGINE=MyISAM DEFAULT CHARSET=utf8;

/*Data for the table `videos` */

/*!40101 SET SQL_MODE=@OLD_SQL_MODE */;
/*!40014 SET FOREIGN_KEY_CHECKS=@OLD_FOREIGN_KEY_CHECKS */;
/*!40014 SET UNIQUE_CHECKS=@OLD_UNIQUE_CHECKS */;
/*!40111 SET SQL_NOTES=@OLD_SQL_NOTES */;
